{"skeleton":{"hash":"hz7EbvlIrZq8H265xePIFcGNeOs","spine":"3.7.94","width":549.42,"height":498.61},"bones":[{"name":"root"},{"name":"MOVE","parent":"root"},{"name":"Y","parent":"MOVE","x":16.7,"y":126.67},{"name":"body","parent":"Y","length":64.8,"rotation":91.82,"x":-14.13,"y":-1.08,"scaleX":1.075,"scaleY":1.075},{"name":"ma","parent":"body","length":51.15,"rotation":178.18,"x":-4.2,"y":-0.2},{"name":"L_ARM","parent":"body","x":81.77,"y":70.57},{"name":"L_canh","parent":"L_ARM","length":114.02,"rotation":87.28,"x":0.15,"y":-0.07},{"name":"L_cang","parent":"L_canh","length":90.97,"rotation":96.41,"x":112.25,"y":0.41},{"name":"L_ngon1","parent":"L_cang","length":24.9,"rotation":69.94,"x":87.26,"y":36.02},{"name":"L_ngon2","parent":"L_ngon1","length":21.18,"rotation":-53.39,"x":24.22,"y":-0.05},{"name":"L_ngon3","parent":"L_ngon2","length":30.26,"rotation":-24.41,"x":21.01,"y":0.07},{"name":"L_ngon4","parent":"L_cang","length":27.2,"rotation":-14.23,"x":100.25,"y":6.31},{"name":"L_ngon5","parent":"L_ngon4","length":25.17,"rotation":35.87,"x":27.2},{"name":"L_ngon6","parent":"L_ngon5","length":33.19,"rotation":27.89,"x":25.17},{"name":"L_ngon7","parent":"L_cang","length":22,"rotation":-21.8,"x":104.34,"y":-13},{"name":"L_ngon8","parent":"L_ngon7","length":28.6,"rotation":23.29,"x":22},{"name":"L_ngon9","parent":"L_ngon8","length":27.85,"rotation":45.67,"x":28.6},{"name":"L_ngon10","parent":"L_cang","length":32.86,"rotation":-32.07,"x":98.54,"y":-34.32},{"name":"L_ngon11","parent":"L_ngon10","length":21.17,"rotation":47.33,"x":32.86},{"name":"L_ngon12","parent":"L_ngon11","length":23.78,"rotation":36.09,"x":21.07,"y":-0.36},{"name":"bone3","parent":"body","x":44.5,"y":-58.18},{"name":"R_canh","parent":"bone3","length":112.27,"rotation":-104.61,"x":-0.77,"y":-0.73},{"name":"R_cang","parent":"R_canh","length":95.43,"rotation":-82.92,"x":112.74,"y":0.85},{"name":"R_ngon1","parent":"R_cang","length":27.53,"rotation":-70.02,"x":86.18,"y":-23.95},{"name":"R_ngon2","parent":"R_ngon1","length":27.14,"rotation":36.9,"x":27.14,"y":0.07},{"name":"R_ngon3","parent":"R_ngon2","length":22.65,"rotation":29.54,"x":27.14},{"name":"R_ngon4","parent":"R_cang","length":28.28,"rotation":16.93,"x":106.28,"y":0.75},{"name":"R_ngon5","parent":"R_ngon4","length":28.75,"rotation":-45.35,"x":28.28},{"name":"R_ngon6","parent":"R_ngon5","length":31.84,"rotation":-30.43,"x":28.55,"y":-0.15},{"name":"R_ngon7","parent":"R_cang","length":37.53,"rotation":52.88,"x":110.78,"y":21.11},{"name":"R_ngon8","parent":"R_ngon7","length":23.77,"rotation":-51.06,"x":37.53},{"name":"R_ngon9","parent":"R_ngon8","length":22.95,"rotation":-30.48,"x":23.53,"y":-0.03},{"name":"R_ngon10","parent":"R_cang","length":30.88,"rotation":83.25,"x":108.69,"y":35.95},{"name":"R_ngon11","parent":"R_ngon10","length":20.56,"rotation":-49.58,"x":32.09,"y":-0.68},{"name":"R_ngon12","parent":"R_ngon11","length":20.95,"rotation":-29.44,"x":20.78,"y":-0.1},{"name":"body2","parent":"body","length":78.02,"rotation":0.29,"x":64.12,"y":-0.12},{"name":"sung 2","parent":"body2","length":45.95,"rotation":53.51,"x":68.55,"y":83.3},{"name":"sung 3","parent":"sung 2","length":55.7,"rotation":-50.69,"x":45.95},{"name":"sung 4","parent":"body2","length":51.43,"rotation":-59.91,"x":38.2,"y":-81.43},{"name":"sung 5","parent":"sung 4","length":54.1,"rotation":52.69,"x":51.57,"y":0.57},{"name":"sung 7","parent":"body2","length":42.96,"rotation":31.14,"x":103.1,"y":79.26},{"name":"Mieng tren","parent":"body","rotation":-0.06,"x":-65.24,"y":1.95},{"name":"sung 1","parent":"body2","length":84.3,"rotation":31.42,"x":-19.36,"y":29},{"name":"sung 8","parent":"sung 1","length":38.38,"rotation":-24.73,"x":86.74,"y":0.49},{"name":"sung 9","parent":"sung 8","length":40.3,"rotation":-2.79,"x":37.35,"y":-1.76},{"name":"sung 10","parent":"body2","length":72.21,"rotation":4.5,"x":-13.39,"y":11.83},{"name":"sung 11","parent":"sung 10","length":45.66,"rotation":-11.55,"x":73.22,"y":-2.66,"scaleX":1.066,"scaleY":1.066},{"name":"sung 12","parent":"sung 11","length":39.43,"rotation":-28.74,"x":44.82,"y":-0.51,"scaleX":1.312,"scaleY":1.312},{"name":"sung 13","parent":"body2","length":60.62,"rotation":-50.61,"x":-19.24,"y":-16.4},{"name":"sung 14","parent":"sung 13","length":48.17,"rotation":10.88,"x":61.55,"y":0.93},{"name":"sung 15","parent":"sung 14","length":52.45,"rotation":43.49,"x":48.78,"y":-0.14},{"name":"Mieng","parent":"ma","x":96.7,"y":0.14},{"name":"bone4","parent":"MOVE","rotation":-12.79,"x":194.02,"y":146.26},{"name":"bone5","parent":"MOVE","rotation":-95.71,"x":184.52,"y":45},{"name":"bone6","parent":"bone3","length":145.3,"rotation":-99.49,"x":2.27},{"name":"bone7","parent":"bone6","length":111.11,"rotation":-104.64,"x":145.3},{"name":"bone","parent":"MOVE","rotation":179.1,"x":-207.25,"y":212.82},{"name":"bone2","parent":"MOVE","rotation":-84.49,"x":-195.96,"y":115.05},{"name":"L_ARM2","parent":"L_ARM","length":149.52,"rotation":84.41,"x":-0.59,"y":0.41},{"name":"L_ARM3","parent":"L_ARM2","length":108.1,"rotation":118.96,"x":149.52},{"name":"Circle","parent":"body2","rotation":-92.11,"x":54.31,"y":4.64,"scaleX":1.278,"scaleY":1.067},{"name":"c1","parent":"Circle"},{"name":"c2","parent":"Circle"},{"name":"c3","parent":"Circle"},{"name":"lighting","parent":"body2","rotation":-92.11,"x":92.56,"y":-0.12,"scaleX":1.218,"scaleY":1.032},{"name":"att_01","parent":"root"},{"name":"att_02","parent":"root"},{"name":"att_2","parent":"root"},{"name":"explo","parent":"root"},{"name":"canh cay 1","parent":"body2","length":36.05,"rotation":53.2,"x":34.94,"y":105.96},{"name":"canh cay 2","parent":"canh cay 1","length":42.5,"rotation":31,"x":36.05},{"name":"glow","parent":"body2","rotation":-92.11,"x":56.74,"y":4.49,"scaleX":1.179,"scaleY":1.179}],"slots":[{"name":"glow","bone":"glow","color":"ff00e8ff","attachment":"glow","blend":"additive"},{"name":"sung_3","bone":"sung 2","attachment":"sung_3"},{"name":"sung_4","bone":"sung 7","attachment":"sung_4"},{"name":"sung_6","bone":"sung 4","attachment":"sung_6"},{"name":"L_canh","bone":"L_canh","attachment":"L_canh"},{"name":"R_canh","bone":"R_canh","attachment":"R_canh"},{"name":"canh cay 1","bone":"canh cay 1","attachment":"canh cay 1"},{"name":"body","bone":"body","attachment":"body"},{"name":"c1","bone":"c1","dark":"ff0048","attachment":"c1"},{"name":"c2","bone":"c2","color":"ffffff63","dark":"ff006a","attachment":"c2"},{"name":"c3","bone":"c3","color":"ffffff63","dark":"ff0042","attachment":"c3"},{"name":"lighting/lighting_00000","bone":"lighting","dark":"ff0056","attachment":"lighting/lighting_00000","blend":"screen"},{"name":"sung 1","bone":"sung 13","attachment":"sung 1"},{"name":"Mieng","bone":"Mieng","attachment":"Mieng"},{"name":"Mieng tren","bone":"Mieng tren","attachment":"Mieng tren"},{"name":"explo/explo_00000","bone":"explo","dark":"ff005d"},{"name":"L_ngon4","bone":"L_ngon10","attachment":"L_ngon4"},{"name":"L_ngon3","bone":"L_ngon7","attachment":"L_ngon3"},{"name":"L_ngon2","bone":"L_ngon4","attachment":"L_ngon2"},{"name":"L_cang","bone":"L_cang","attachment":"L_cang"},{"name":"L_ngon1","bone":"L_ngon1","attachment":"L_ngon1"},{"name":"R_ngon4","bone":"R_ngon10","attachment":"R_ngon4"},{"name":"R_ngon3","bone":"R_ngon7","attachment":"R_ngon3"},{"name":"R_ngon2","bone":"R_ngon4","attachment":"R_ngon2"},{"name":"R_cang","bone":"R_cang","attachment":"R_cang"},{"name":"R_ngon1","bone":"R_ngon1","attachment":"R_ngon1"},{"name":"att_1/att_01_00006","bone":"att_01","dark":"ff006e","blend":"additive"},{"name":"att_2/att_02_00000","bone":"att_02","dark":"ff0048","blend":"additive"},{"name":"att_2/att_02_0","bone":"att_2","dark":"ff0059","blend":"additive"}],"ik":[{"name":"L_arm_ik01","order":6,"bones":["L_canh"],"target":"bone","compress":true,"stretch":true},{"name":"L_arm_ik02","order":7,"bones":["L_cang"],"target":"bone2","compress":true,"stretch":true},{"name":"L_arm_ik03","order":4,"bones":["L_ARM2","L_ARM3"],"target":"bone2","stretch":true},{"name":"R_arm_ik01","order":2,"bones":["R_canh"],"target":"bone4","compress":true,"stretch":true},{"name":"R_arm_ik02","order":3,"bones":["R_cang"],"target":"bone5","compress":true,"stretch":true},{"name":"R_arm_ik03","order":0,"bones":["bone6","bone7"],"target":"bone5","bendPositive":false,"stretch":true}],"transform":[{"name":"L_arm_cons_01","order":5,"bones":["bone"],"target":"L_ARM3","rotation":-116.19,"x":21.35,"y":29.36,"shearY":-360,"rotateMix":0.8,"translateMix":0.8,"scaleMix":0.8,"shearMix":0.8},{"name":"R_arm_cons_01","order":1,"bones":["bone4"],"target":"bone7","rotation":99.71,"x":20.66,"y":-27.9,"rotateMix":0.8,"translateMix":0.8,"scaleMix":0.8,"shearMix":0.8}],"skins":{"default":{"L_cang":{"L_cang":{"type":"mesh","uvs":[0.50957,0.1914,0.70063,0.18115,0.786,0.2127,1,0.18101,0.99999,0.40302,0.97104,0.65977,1,0.7538,0.99999,0.91656,0.57892,0.99999,0.00242,0.99488,0,0.71296,0,0.4121,0.19591,0.17067,0.45971,0,0.63643,1.0E-5,0.53978,0.43768,0.52171,0.68542],"triangles":[9,16,8,7,8,6,6,8,16,9,10,16,5,6,16,10,11,16,16,15,5,16,11,15,5,15,4,15,2,4,15,1,2,11,12,15,12,0,15,15,0,1,4,2,3,12,13,0,0,13,14],"vertices":[1,7,-50.41,-2.79,1,1,7,-52.48,19.26,1,1,7,-46.11,29.11,1,1,7,-52.51,53.8,1,1,7,-7.67,53.8,1,1,7,44.17,50.46,1,1,7,63.16,53.8,1,1,7,96.03,53.8,1,1,7,112.88,5.21,1,1,7,111.85,-61.31,1,1,7,54.91,-61.59,1,1,7,-5.84,-61.59,1,1,7,-54.6,-38.98,1,1,7,-89.08,-8.54,1,1,7,-89.07,11.85,1,1,7,-0.68,0.7,1,1,7,49.35,-1.39,1],"hull":15}},"L_canh":{"L_canh":{"type":"mesh","uvs":[0.96529,0,0.9955,0.99999,0.00279,0.99999,0,1.0E-5],"triangles":[2,0,1,2,3,0],"vertices":[1,6,-24.16,-46.73,1,1,6,-47.65,28.09,1,1,6,73.38,59.72,1,1,6,93.52,-15.98,1],"hull":4}},"L_ngon1":{"L_ngon1":{"type":"mesh","uvs":[0.82129,0.05493,1,0.38485,1,0.5802,0.99101,0.79239,0.83648,0.94965,0.67308,0.99999,0.57829,0.99955,0.54146,0.75501,0.55597,0.61123,0.49486,0.50013,0.40758,0.45734,0.23621,0.38793,0,0.29932,0.11341,0,0.57278,0,0.69472,0,0.65214,0.32039,0.39386,0.27182,0.75939,0.59199,0.67765,0.45831,0.68914,0.76237],"triangles":[4,5,20,5,6,20,6,7,20,4,20,3,20,18,3,7,8,20,20,8,18,8,19,18,3,18,2,8,9,19,2,18,1,1,18,19,19,9,16,19,16,1,9,10,16,11,17,10,10,17,16,17,11,13,16,0,1,17,14,16,16,15,0,16,14,15,11,12,13,17,13,14],"vertices":[2,8,24.9,23.59,0.96566,9,-21.32,10.02,0.03434,2,8,43.54,-1.93,0.00945,9,9.41,15.34,0.99055,1,9,24.61,10.82,1,2,9,43.31,5.65,0.51149,10,13.71,12.03,0.48851,2,9,57.88,-5.53,0.01307,10,29.47,7.34,0.98693,1,10,34.7,-0.05,1,1,10,35.3,-4.69,1,1,10,15.94,-9.19,1,3,8,25.33,-26.48,0.00835,9,23.44,-11.67,0.12442,10,3.88,-10.1,0.86723,3,8,20.51,-16.52,0.09355,9,12.48,-11.28,0.45923,10,-5.48,-14.38,0.44722,3,8,15.59,-13.45,0.35116,9,7.9,-14.03,0.5002,10,-8.5,-19.11,0.14863,3,8,7.41,-11.36,0.91513,9,2.83,-20.6,0.07689,10,-10.3,-27.57,0.00798,1,8,-7.06,-8.93,1,1,8,-16.73,15.34,1,2,8,8.95,24.84,0.99996,9,-29.27,-3.87,4.0E-5,2,8,17.33,25.61,0.99988,9,-26.4,4.04,1.2E-4,2,8,24.31,0.54,0.93288,9,-0.74,-0.31,0.06712,3,8,10.94,-0.15,0.99958,9,-5.81,-12.7,3.9E-4,10,-21.53,-24.3,2.0E-5,2,9,24.36,-0.96,0.34485,10,0.3,-0.77,0.65515,3,8,28.18,-10.69,8.3E-4,9,10.62,-1.61,0.99864,10,-11.62,-7.22,5.4E-4,1,10,15.53,-1.89,1],"hull":16}},"L_ngon2":{"L_ngon2":{"type":"mesh","uvs":[0.60016,0.24428,0.59966,0.38426,0.61945,0.48448,0.6824,0.60097,0.78043,0.72964,1,0.92373,1,1,0.67607,1,0.44258,0.90023,0.18523,0.79026,0,0.55973,1.0E-5,0.38763,6.0E-4,0.16916,0,1.0E-5,0.67331,0,0.24011,0.39252,0.30511,0.21774,0.30314,0.52107,0.40754,0.6814,0.60451,0.80996],"triangles":[7,5,6,8,19,7,7,4,5,7,19,4,9,18,8,8,18,19,19,3,4,19,18,3,18,2,3,9,17,18,9,10,17,18,17,2,10,15,17,10,11,15,17,1,2,17,15,1,15,16,1,16,15,12,15,11,12,1,16,0,0,16,14,14,16,13,16,12,13],"vertices":[2,11,9.32,18.34,0.88937,12,-3.74,25.34,0.11063,3,11,20.69,21.19,0.4175,12,7.15,20.98,0.55612,13,-6.11,26.98,0.02638,3,11,28.53,24.43,0.09857,12,15.4,19.02,0.70502,13,0.26,21.38,0.19641,3,11,37.04,30.58,0.00672,12,25.89,19.01,0.32894,13,9.54,16.46,0.66434,2,12,38.13,20.63,0.01023,13,21.11,12.17,0.98977,1,13,41.92,8.56,1,1,13,46.07,3.7,1,1,13,30.93,-9.21,1,1,13,14.59,-12.16,1,2,12,29.37,-15.22,0.46063,13,-3.41,-15.41,0.53937,3,11,43.99,-10.9,0.02691,12,7.22,-18.67,0.97273,13,-24.59,-8.11,3.6E-4,2,11,30.02,-14.44,0.51253,12,-6.17,-13.35,0.48747,2,11,12.27,-18.9,0.99848,12,-23.17,-6.57,0.00152,1,11,-1.45,-22.42,1,1,11,-11.62,17.67,1,2,11,26.79,-0.04,0.69899,12,-0.36,0.2,0.30101,2,11,11.62,0.23,0.99957,12,-12.49,9.31,4.3E-4,1,12,11.08,-0.17,1,2,12,25.93,0.84,0.06523,13,1.06,0.38,0.93477,2,12,40.4,8.11,2.0E-5,13,17.25,0.04,0.99998],"hull":15}},"L_ngon3":{"L_ngon3":{"type":"mesh","uvs":[0.65293,0.14721,0.68863,0.26532,0.73497,0.42739,0.70433,0.52998,0.70826,0.63777,0.73832,0.75419,1,0.95096,1,1,0.74408,0.99999,0.33522,0.8881,0.04841,0.74682,0,0.51188,0,0.33586,0.07675,0.04554,0.19615,1.0E-5,0.52835,1.0E-5,0.3408,0.34944,0.43295,0.19291,0.33718,0.52507,0.35592,0.68835,0.55579,0.81815],"triangles":[8,6,7,9,20,8,20,5,8,8,5,6,9,19,20,9,10,19,20,4,5,20,19,4,10,18,19,10,11,18,19,3,4,19,18,3,2,3,16,3,18,16,18,11,16,11,12,16,2,16,1,16,17,1,17,16,13,16,12,13,17,0,1,13,14,17,17,15,0,17,14,15],"vertices":[2,14,-0.58,10.4,0.99918,15,-16.62,18.48,8.2E-4,2,14,7.96,16,0.92903,15,-6.57,20.25,0.07097,3,14,19.72,23.54,0.48061,15,7.22,22.52,0.51244,16,1.17,31.03,0.00695,3,14,28.43,25.15,0.082,15,15.86,20.55,0.79171,16,5.8,23.48,0.12629,3,14,36.83,28.75,0.00217,15,24.99,20.54,0.44199,16,12.17,16.94,0.55584,2,15,34.89,21.99,0.03202,16,20.13,10.87,0.96798,1,16,42.35,8.75,1,1,16,45.17,5.7,1,1,16,34.52,-4.17,1,2,15,45.63,-1.18,0.00666,16,11.06,-13.01,0.99334,2,15,33.25,-17.14,0.76628,16,-9.02,-15.3,0.23372,2,14,41.86,-12.54,0.01232,15,13.29,-19.37,0.98768,2,14,28.02,-18.08,0.34165,15,-1.61,-18.99,0.65835,2,14,3.58,-23.16,0.99879,15,-26.08,-13.99,0.00121,1,14,-2.52,-18.3,1,1,14,-9.53,-0.79,1,2,14,21.9,0.31,0.52393,15,0.04,0.32,0.47607,2,14,7.65,0.25,0.99996,15,-13.08,5.9,4.0E-5,1,15,14.9,-0.27,1,2,15,28.75,0.44,0.32104,16,0.42,0.2,0.67896,1,16,16.21,-0.15,1],"hull":16}},"L_ngon4":{"L_ngon4":{"type":"mesh","uvs":[1,0.04355,0.96613,0.34307,0.946,0.4522,0.86126,0.57508,0.82808,0.63775,0.79275,0.72265,1,0.93333,0.99999,0.99999,0.38173,0.91537,0.17336,0.7556,3.0E-5,0.59698,0,0.35046,0.23267,0.13303,0.43595,1.0E-5,0.67097,0,0.45996,0.22985,0.24316,0.42925,0.29842,0.57769,0.34554,0.71164,0.53063,0.81102],"triangles":[8,19,7,19,5,7,7,5,6,9,18,8,8,18,19,5,19,4,9,17,18,4,19,18,9,10,17,18,17,4,4,17,3,10,16,17,17,16,3,3,16,2,10,11,16,16,15,2,2,15,1,11,12,16,16,12,15,15,14,1,1,14,0,12,13,15,15,13,14],"vertices":[1,17,-12.07,15.22,1,2,17,7.93,25.82,0.93411,18,2.09,35.83,0.06589,3,17,15.42,29.36,0.28119,18,9.77,32.73,0.71469,19,10.35,33.4,0.00412,3,17,25.45,30.81,0.11738,18,17.62,26.33,0.83046,19,12.94,23.6,0.05216,3,17,30.3,31.96,0.02328,18,21.76,23.54,0.62198,19,14.63,18.91,0.35474,3,17,36.63,33.9,0.00332,18,27.48,20.21,0.28314,19,17.3,12.84,0.71354,1,19,35.05,6.71,1,1,19,38.19,2.78,1,1,19,10.84,-10.92,1,2,18,21.99,-9.36,0.06745,19,-4.56,-7.82,0.93255,2,18,8.25,-14.31,0.84393,19,-18.58,-3.72,0.15607,2,17,33.23,-13.5,0.69634,18,-9.68,-9.42,0.30366,1,17,13.36,-12.66,1,1,17,-0.36,-9.65,1,1,17,-6.4,-0.01,1,2,17,13.71,0.53,0.99945,18,-12.59,14.45,5.5E-4,2,17,32.02,-0.38,0.78254,18,-0.85,0.37,0.21746,2,17,40.08,7.83,2.0E-5,18,10.65,0.01,0.99998,1,19,-0.12,-0.03,1,1,19,11.55,-0.28,1],"hull":15}},"Mieng":{"Mieng":{"type":"mesh","uvs":[1,0.67089,0.92846,0.87522,0.69589,0.99999,0.3771,1,0.08692,0.74464,0,0.46216,0,0,0.99999,1.0E-5],"triangles":[2,3,0,1,2,0,4,0,3,4,5,0,5,7,0,5,6,7],"vertices":[2,3,-61.04,-38.6,0.50812,51,-6.38,40.36,0.49188,2,3,-71.76,-31.9,0.06119,51,4.56,33.96,0.93881,1,51,16.76,13.44,1,1,51,16.8,-14.61,1,2,3,-55.56,41.65,0.10163,51,-9.38,-40.11,0.89837,2,3,-33.7,48.62,0.48715,51,-31.04,-47.74,0.51285,2,3,5.68,47.38,0.96811,51,-70.48,-47.69,0.03189,2,3,3.11,-40.58,0.96006,51,-70.59,40.36,0.03994],"hull":8}},"Mieng tren":{"Mieng tren":{"type":"mesh","uvs":[1,1,0,1,0,0,1,0],"triangles":[1,2,3,1,3,0],"vertices":[-21.2,-65.1,-16.75,79.84,154.17,74.6,149.72,-70.34],"hull":4}},"R_cang":{"R_cang":{"type":"mesh","uvs":[0.82776,0.06277,1,0.41824,1,0.71082,0.89466,0.99999,0.4219,1,0.14565,0.9531,1.0E-5,0.8684,0,0.76738,0.0551,0.63017,0.03761,0.54362,0.06183,0.3948,0.08169,0.17071,0.52261,0.1409,0.48311,0,0.66231,1.0E-5,0.53051,0.42566,0.46277,0.65663],"triangles":[12,13,14,0,15,12,0,12,14,15,0,1,11,12,15,10,11,15,9,16,8,10,16,9,10,15,16,15,1,2,16,15,2,5,6,7,5,8,16,5,7,8,3,16,2,4,5,16,4,16,3],"vertices":[1,22,-76.15,23.08,1,1,22,-8.33,53.87,1,1,22,50.03,63.06,1,1,22,109.61,60.13,1,1,22,118.09,6.24,1,1,22,113.69,-26.72,1,1,22,99.41,-45.98,1,1,22,79.26,-49.16,1,1,22,50.9,-47.18,1,1,22,33.95,-51.89,1,1,22,3.83,-53.81,1,1,22,-41.23,-58.58,1,1,22,-55.09,-9.26,1,1,22,-82.49,-18.18,1,1,22,-85.71,2.25,1,1,22,1.57,0.59,1,1,22,48.86,0.12,1],"hull":15}},"R_canh":{"R_canh":{"type":"mesh","uvs":[0.99999,1,1.0E-5,0.99999,0.01293,0,1,0],"triangles":[1,2,0,0,2,3],"vertices":[1,21,80.01,-42.55,1,1,21,-50.25,-36.98,1,1,21,-45.75,28.69,1,1,21,82.82,23.19,1],"hull":4}},"R_ngon1":{"R_ngon1":{"type":"mesh","uvs":[0.82653,0,0.99999,0,0.99999,0.43155,0.75394,0.45835,0.56649,0.51015,0.46631,0.60841,0.39547,0.6779,0.3276,0.75968,0.19979,0.99999,0.00304,0.99332,1.0E-5,0.66741,0,0.48271,0.22069,0.18997,0.43031,0,0.58169,0,0.52209,0.31469,0.7396,0.36051,0.36797,0.43629,0.22785,0.58051,0.18215,0.70762],"triangles":[9,19,8,8,19,7,9,10,19,6,7,18,7,19,18,19,10,18,6,18,5,10,11,18,18,17,5,5,17,4,18,11,17,17,15,4,11,12,17,17,12,15,12,13,15,4,16,3,4,15,16,3,16,2,2,16,1,16,0,1,0,16,14,16,15,14,15,13,14],"vertices":[1,23,4.71,-19.01,1,1,23,-5.59,-17,1,1,23,0.63,14.92,1,2,23,14.61,13.5,0.90603,24,10.29,16.51,0.09397,3,23,21.47,14.96,0.39499,24,13.14,10.33,0.58591,25,-7.09,15.89,0.0191,3,23,23.5,22.88,0.03496,24,19.55,12.48,0.69644,25,-0.45,14.6,0.2686,3,23,25.92,29.11,0.00151,24,26.02,13.07,0.32783,25,5.47,11.92,0.67067,2,24,33.33,14.17,0.04152,25,12.38,9.27,0.95848,1,25,31.74,5.66,1,1,25,33.83,-6.07,1,2,24,41.44,-5.2,0.03437,25,9.89,-11.58,0.96563,2,24,31.11,-14.53,0.6121,25,-3.71,-14.6,0.3879,2,23,46.16,-3.48,0.02577,24,5.59,-19.54,0.97423,2,23,30.52,-22.7,0.66749,24,-18.1,-18.25,0.33251,2,23,20.15,-22.1,0.84759,24,-22.66,-8.64,0.15241,2,23,25.51,0.77,0.32252,24,1.23,-0.09,0.67748,2,23,15.06,6.65,0.99883,24,3.9,12.24,0.00117,1,24,13.6,-0.35,1,2,24,27.35,0.64,0.17349,25,0.5,0.45,0.82651,1,25,10.45,-0.17,1],"hull":15}},"R_ngon2":{"R_ngon2":{"type":"mesh","uvs":[1,0.25857,0.99999,0.52288,0.87053,0.73276,0.67896,0.86388,0.48008,1,0,1,2.4E-4,0.93943,0.22024,0.74089,0.26766,0.63557,0.33153,0.50644,0.3326,0.39544,0.30436,0.23935,0.52034,0,0.91949,1.0E-5,0.77855,0.45688,0.75913,0.26088,0.65555,0.62088,0.53686,0.75688,0.32323,0.83888],"triangles":[4,5,18,18,5,6,6,7,18,4,18,17,17,18,8,18,7,8,8,9,17,4,17,3,17,16,3,3,16,2,17,9,16,16,14,2,2,14,1,14,16,10,16,9,10,1,14,0,10,15,14,14,15,0,10,11,15,11,12,15,15,13,0,15,12,13],"vertices":[2,26,15.25,17.16,0.98888,27,-21.37,2.78,0.01112,2,26,35.22,14.35,0.19861,27,-5.34,15.02,0.80139,1,27,12.95,17.46,1,2,27,29.13,12.77,0.9984,28,-6.04,11.43,0.0016,2,27,45.92,7.89,0.34792,28,10.9,15.73,0.65208,1,28,42.34,2.89,1,1,28,40.58,-1.38,1,1,28,20.44,-9.53,1,3,26,36.54,-38.13,0.00855,27,32.93,-20.93,0.03516,28,14.3,-15.7,0.95629,3,26,27.41,-32.29,0.1205,27,22.36,-23.32,0.3852,28,6.39,-23.11,0.4943,3,26,19.03,-31.04,0.66473,27,15.58,-28.4,0.25967,28,3.12,-30.93,0.0756,3,26,6.95,-31.36,0.96497,27,7.32,-37.21,0.02802,28,0.47,-42.71,0.007,1,26,-9.01,-13.7,1,1,26,-5.08,14.26,1,3,26,28.05,-0.46,0.51741,27,0.17,-0.48,0.48248,28,-24.31,-14.66,1.1E-4,1,26,13.05,0.26,1,1,27,15.39,0.2,1,2,27,28.73,-0.18,0.28388,28,0.17,0.07,0.71612,2,27,42.88,-8.39,5.0E-4,28,16.53,0.15,0.9995],"hull":14}},"R_ngon3":{"R_ngon3":{"type":"mesh","uvs":[0.68381,0.13879,1,0.37771,1,0.5873,0.89296,0.71408,0.78658,0.84007,0.47861,0.99999,0.26853,1,0.37779,0.79362,0.37325,0.7022,0.27659,0.62135,0.21593,0.5608,0.0888,0.44904,0,0.22153,1.0E-5,1.0E-5,0.44787,1.0E-5,0.73384,0.42656,0.46962,0.27477,0.70043,0.5766,0.67614,0.71269,0.52732,0.80515],"triangles":[6,7,5,5,19,4,5,7,19,18,19,8,19,7,8,8,9,17,19,18,4,4,18,3,18,17,3,3,17,2,18,8,17,17,9,15,17,15,2,15,1,2,15,9,10,10,16,15,10,11,16,11,12,16,14,12,13,12,14,16,16,0,15,15,0,1,16,14,0],"vertices":[1,29,17.42,16.3,1,2,29,43.49,13.24,0.60348,30,-6.55,12.96,0.39652,1,30,11.64,15.24,1,1,30,23.31,11.27,1,2,30,34.91,7.34,0.60352,31,6.07,12.12,0.39648,1,31,26.6,8.4,1,1,31,33.04,0.04,1,1,31,15.39,-6.63,1,3,29,42.08,-29.13,0.00313,30,25.52,-14.77,0.02807,31,9.19,-11.69,0.96879,3,29,33.62,-27.72,0.10853,30,19.1,-20.47,0.40406,31,6.56,-19.86,0.48741,3,29,27.69,-26.24,0.39765,30,14.23,-24.15,0.43381,31,4.22,-25.5,0.16854,3,29,16.21,-24.06,0.95945,30,5.32,-31.7,0.03553,31,0.37,-36.53,0.00502,1,29,-1.21,-13.46,1,1,29,-15.17,-0.02,1,1,29,0.45,16.19,1,2,29,37.29,0.65,0.72249,30,-0.65,0.22,0.27751,1,29,18.52,0.3,1,1,30,12.58,0.18,1,1,30,24.54,0.45,1,1,31,11.61,-0.06,1],"hull":15}},"R_ngon4":{"R_ngon4":{"type":"mesh","uvs":[0.74186,0.17163,0.94825,0.29857,1,0.51473,0.99999,0.63248,0.94391,1,0.7618,0.99999,0.63113,0.74954,0.58562,0.67674,0.49149,0.62849,0.39653,0.58455,0.26338,0.51266,1.0E-5,0.33885,0,0,0.42133,0.00763,0.68212,0.28732,0.31751,0.28757,0.84083,0.54972,0.75883,0.42508,0.82496,0.67654],"triangles":[5,18,4,4,18,3,5,6,18,6,7,18,18,7,16,18,16,3,17,16,7,3,16,2,7,8,17,17,8,14,8,9,14,9,15,14,2,16,1,16,17,1,17,14,1,14,0,1,10,15,9,10,11,15,11,12,15,15,13,14,15,12,13,14,13,0],"vertices":[2,32,33.24,7.52,0.64317,33,-5.5,6.19,0.35683,1,33,7.53,13.3,1,2,33,22.48,9.7,0.98535,34,-3.34,9.37,0.01465,2,33,29.95,6.26,0.37221,34,4.86,10.05,0.62779,1,34,30.69,8.93,1,1,34,31.55,-1.54,1,3,32,38,-33.04,5.1E-4,33,28.47,-16.49,0.01343,34,14.75,-10.49,0.98607,3,32,34.09,-28.86,0.01548,33,22.75,-16.75,0.16996,34,9.9,-13.53,0.81456,3,32,27.96,-27.09,0.09735,33,17.42,-20.27,0.45455,34,6.99,-19.21,0.4481,3,32,21.85,-25.62,0.30653,33,12.34,-23.96,0.51129,34,4.38,-24.93,0.18218,3,32,13.1,-22.86,0.89673,33,4.57,-28.84,0.09602,34,0.01,-32.99,0.00725,1,32,-4.81,-15.3,1,1,32,-11.21,7.47,1,1,32,12.34,13.54,1,2,33,0.39,-0.32,0.99989,34,-17.65,-10.21,1.1E-4,3,32,11.85,-6.89,0.99989,33,-8.39,-19.43,1.1E-4,34,-15.9,-31.17,0,1,33,20.86,0.34,1,3,32,38.96,-9.25,0.00108,33,10.98,-0.32,0.99648,34,-8.43,-5.01,0.00244,2,33,28.52,-4.2,0.0022,34,8.75,0.24,0.9978],"hull":14}},"att_1/att_01_00006":{"att_1/att_01_00006":{"width":142,"height":144},"att_1/att_01_00007":{"width":142,"height":144},"att_1/att_01_00008":{"width":142,"height":144},"att_1/att_01_00009":{"width":142,"height":144},"att_1/att_01_00010":{"width":142,"height":144},"att_1/att_01_00011":{"width":142,"height":144},"att_1/att_01_00012":{"width":142,"height":144}},"att_2/att_02_0":{"att_2/att_02_00000":{"width":82,"height":100},"att_2/att_02_00001":{"width":82,"height":100},"att_2/att_02_00002":{"width":82,"height":100},"att_2/att_02_00003":{"width":82,"height":100},"att_2/att_02_00004":{"width":82,"height":100},"att_2/att_02_00005":{"width":82,"height":100},"att_2/att_02_00006":{"width":82,"height":100},"att_2/att_02_00007":{"width":82,"height":100},"att_2/att_02_00008":{"width":82,"height":100},"att_2/att_02_00009":{"width":82,"height":100},"att_2/att_02_00010":{"width":82,"height":100},"att_2/att_02_00011":{"width":82,"height":100},"att_2/att_02_00012":{"width":82,"height":100}},"att_2/att_02_00000":{"att_2/att_02_00000":{"width":82,"height":100},"att_2/att_02_00001":{"width":82,"height":100},"att_2/att_02_00002":{"width":82,"height":100},"att_2/att_02_00003":{"width":82,"height":100},"att_2/att_02_00004":{"width":82,"height":100},"att_2/att_02_00005":{"width":82,"height":100},"att_2/att_02_00006":{"width":82,"height":100},"att_2/att_02_00007":{"width":82,"height":100},"att_2/att_02_00008":{"width":82,"height":100},"att_2/att_02_00009":{"width":82,"height":100},"att_2/att_02_00010":{"width":82,"height":100},"att_2/att_02_00011":{"width":82,"height":100},"att_2/att_02_00012":{"width":82,"height":100}},"body":{"body":{"type":"mesh","uvs":[0.24942,0.00898,0.35982,0,0.49274,0,0.73051,0.03018,0.83723,0.00871,0.94552,0.02462,1,0.164,1,0.29346,1,0.5513,0.91846,0.74168,0.84401,0.92901,0.62527,0.99999,0.268,0.99999,0.07542,0.81142,0.00819,0.62851,1.0E-5,0.35253,0,0.15703,0,0,0.14309,0,0.51499,0.48342,0.51314,0.64134,0.52053,0.79468,0.27063,0.4229,0.28047,0.63519,0.30469,0.80924,0.73428,0.76621,0.74428,0.59859,0.75486,0.38948],"triangles":[26,19,27,27,7,8,19,22,2,22,1,2,27,2,3,27,19,2,7,27,6,4,6,3,6,27,3,6,4,5,13,23,24,13,14,23,24,20,21,24,23,20,20,19,26,20,23,19,14,22,23,23,22,19,14,15,22,22,16,0,22,0,1,0,16,18,16,22,15,18,16,17,12,21,11,12,24,21,12,13,24,11,25,10,11,21,25,10,25,9,21,20,25,25,26,9,25,20,26,9,26,8,26,27,8],"vertices":[2,3,152.64,58.35,0.48204,35,88.8,58.02,0.51796,2,3,153.53,31.77,0.33692,35,89.57,31.43,0.66308,2,3,152.52,-0.17,0.25258,35,88.39,-0.5,0.74742,2,4,-150.79,52.16,0.04539,35,80.44,-57.4,0.95461,2,4,-154.95,77.81,0.0628,35,83.66,-83.19,0.9372,2,4,-151.86,103.85,0.06517,35,79.61,-109.09,0.93483,2,4,-124.83,116.94,0.07585,35,52.11,-121.19,0.92415,2,4,-99.71,116.94,0.09608,35,27.02,-120.27,0.90392,1,4,-49.69,116.94,1,2,4,-12.76,97.34,0.98771,3,5.47,-97.9,0.01229,2,4,23.58,79.44,0.99108,3,-30.29,-78.86,0.00892,2,4,37.35,26.86,0.94632,35,-106.64,-25.2,0.05368,3,4,37.35,-59.03,0.90308,3,-39.66,59.98,0.09691,35,-103.48,60.63,0,3,4,0.77,-105.32,0.38625,3,-1.63,105.1,0.60844,35,-65.22,105.55,0.00531,3,4,-34.71,-121.48,0.15971,3,34.35,120.12,0.76114,35,-29.17,120.39,0.07915,3,4,-88.25,-123.45,0.02077,3,87.93,120.39,0.66408,35,24.41,120.39,0.31515,3,4,-126.18,-123.45,0.00343,3,125.83,119.19,0.57644,35,62.31,119,0.42013,2,3,156.28,118.22,0.51575,35,92.75,117.88,0.48425,2,3,155.19,83.84,0.50174,35,91.48,83.5,0.49826,2,4,-62.86,0.35,2.2E-4,35,-5.52,-2.39,0.99978,1,3,28.01,-1.13,1,3,4,-2.48,1.68,0.71497,3,-1.78,-1.96,0.28474,35,-65.91,-1.5,3.0E-4,3,4,-74.6,-58.39,0.02893,3,72.22,55.8,0.72058,35,8.37,55.88,0.2505,3,4,-33.42,-56.03,0.17786,3,30.98,54.74,0.79979,35,-32.87,55.03,0.02235,2,4,0.35,-50.21,0.52899,3,-2.95,49.99,0.47101,2,4,-8,53.07,0.86129,3,2.11,-53.49,0.13871,2,4,-40.52,55.47,0.76025,3,34.54,-56.93,0.23975,2,4,-81.09,58.01,0.0828,35,10.57,-60.69,0.9172],"hull":19}},"c1":{"c1":{"width":182,"height":182}},"c2":{"c2":{"width":182,"height":182}},"c3":{"c3":{"width":182,"height":182}},"canh cay 1":{"canh cay 1":{"type":"mesh","uvs":[0.54768,0.25771,0.69039,0.45005,0.80801,0.59932,1,0.34958,1,0.54478,0.87858,1,0.74371,1,0.58532,0.65674,0.47084,0.56775,0.28265,0.51608,0,0.43857,0,0.26633,0.37047,0.27494,0.31088,0,0.41909,0,0.50064,0.40125,0.3297,0.38977,0.6355,0.57923],"triangles":[9,16,8,8,16,15,9,10,16,10,11,16,16,12,15,15,12,0,16,11,12,12,14,0,12,13,14,6,2,5,5,2,4,6,7,2,2,7,17,7,8,17,17,1,2,4,2,3,1,17,15,17,8,15,15,0,1],"vertices":[2,69,36.05,-9.98,0.59781,70,-5.14,-8.56,0.40219,1,69,16.92,-9.43,1,1,69,1.46,-9.42,1,1,69,-7.2,-33.33,1,1,69,-13.75,-23.86,1,1,69,-18.26,5.68,1,1,69,-6.28,13.97,1,2,69,19.31,7.06,0.99717,70,-10.71,14.67,0.00283,2,69,32.46,9.78,0.48036,70,1.96,10.23,0.51964,1,70,22.44,8.49,1,1,70,53.2,5.9,1,1,70,53.85,-4.24,1,1,70,13.89,-6.31,1,1,70,21.36,-22.09,1,1,70,9.7,-22.84,1,2,69,35.41,-0.13,0.7616,70,-0.61,0.22,0.2384,1,70,17.85,0.73,1,1,69,17.46,0.21,1],"hull":15}},"explo/explo_00000":{"explo/explo_00000":{"width":200,"height":200},"explo/explo_00001":{"width":200,"height":200},"explo/explo_00002":{"width":200,"height":200},"explo/explo_00003":{"width":200,"height":200},"explo/explo_00004":{"width":200,"height":200},"explo/explo_00005":{"width":200,"height":200},"explo/explo_00006":{"width":200,"height":200},"explo/explo_00007":{"width":200,"height":200},"explo/explo_00008":{"width":200,"height":200},"explo/explo_00009":{"width":200,"height":200},"explo/explo_00010":{"width":200,"height":200},"explo/explo_00011":{"width":200,"height":200},"explo/explo_00012":{"width":200,"height":200},"explo/explo_00013":{"width":200,"height":200},"explo/explo_00014":{"width":200,"height":200}},"glow":{"glow":{"width":300,"height":300}},"lighting/lighting_00000":{"lighting/lighting_00000":{"x":0.18,"y":-0.17,"width":222,"height":200},"lighting/lighting_00002":{"x":-0.24,"y":-0.17,"width":222,"height":200},"lighting/lighting_00004":{"x":-0.24,"y":-0.17,"width":222,"height":200},"lighting/lighting_00006":{"x":-0.24,"y":-0.17,"width":222,"height":200},"lighting/lighting_00008":{"x":-0.24,"y":-0.17,"width":222,"height":200},"lighting/lighting_00010":{"x":-0.24,"y":-0.17,"width":222,"height":200},"lighting/lighting_00013":{"x":-0.24,"y":-0.17,"width":222,"height":200},"lighting/lighting_00015":{"x":-0.24,"y":-0.17,"width":222,"height":200},"lighting/lighting_00017":{"x":-0.24,"y":-0.17,"width":222,"height":200}},"sung 1":{"sung 1":{"type":"mesh","uvs":[0.53755,0.11896,0.50155,0.17564,0.47353,0.27001,0.46195,0.35278,0.54317,0.44838,0.64529,0.48962,0.70686,0.42751,0.74838,0.31666,0.73465,0.20855,0.64352,0.05446,0.93483,0.10955,0.86777,0.21097,0.91207,0.3437,0.87601,0.42015,0.99999,0.42468,0.99998,0.53202,0.90379,0.61323,0.88815,0.806,0.84627,0.81146,0.78843,1,0.76234,1,0.69367,0.87314,0.48222,0.90418,0.32384,0.85322,0.31015,0.78792,0.24299,0.73207,0.13002,0.74692,0.06376,0.77775,0.00318,0.67665,0.00255,0.54364,0.06364,0.3718,0.10839,0.24591,0.13828,0.16181,0.17455,0.05979,0.30652,0.03336,0.2682,0.15166,0.29032,0.23168,0.3337,0.3105,0.37306,0.36361,0.36374,0.28667,0.41029,0.12065,0.44731,0.06494,0.49046,0,0.61311,0,0.22103,0.24153,0.21814,0.1576,0.23453,0.34545,0.23399,0.42473,0.43281,0.27749,0.45549,0.14412,0.49297,0.07821,0.72339,0.53365,0.77315,0.44802,0.8315,0.34269,0.79646,0.22738,0.33278,0.57605,0.46219,0.54045,0.64243,0.62161,0.48965,0.73095],"triangles":[53,11,12,7,54,53,53,54,11,7,8,54,11,54,10,10,54,8,8,9,10,51,52,16,16,52,15,5,6,51,51,6,52,52,13,15,15,13,14,6,7,52,52,53,13,52,7,53,13,53,12,18,19,21,19,20,21,22,58,21,58,57,21,21,57,18,17,18,16,16,18,57,16,57,51,57,56,5,57,5,51,2,49,1,1,49,0,40,41,49,49,50,0,49,41,50,41,42,50,0,50,43,50,42,43,38,48,3,38,39,48,3,48,2,48,39,40,48,49,2,48,40,49,55,56,58,58,56,57,5,56,4,38,3,56,56,3,4,46,36,37,32,45,44,44,35,36,44,45,35,32,33,45,45,33,35,35,33,34,27,28,26,55,29,47,28,29,26,29,30,47,38,46,37,38,47,46,47,30,46,46,31,44,46,30,31,46,44,36,31,32,44,22,23,58,23,24,58,58,24,55,55,25,26,24,25,55,29,55,26,55,38,56,55,47,38],"vertices":[2,47,14.21,-14.6,1,49,38.28,92.76,0,3,46,38.58,-12.34,0.00883,47,0.22,-13.37,0.99117,49,24.32,94.31,0,4,45,91.84,-8.57,0.00182,46,19.86,-7.19,0.95904,47,-18.67,-17.86,0.03914,49,5.33,90.25,0,3,45,76.31,-4.03,0.79285,46,3.74,-5.86,0.2071,49,-9.59,84,4.0E-5,3,45,54.05,-23.52,0.82247,48,35.3,51.26,0.10232,49,-14.63,54.85,0.0752,3,45,42.2,-51.73,0.17984,48,50.05,24.46,0.2487,49,-6.09,25.47,0.57146,3,45,53.14,-68.35,0.01012,49,12.88,19.43,0.95308,50,-3.12,40.76,0.0368,2,49,36.97,23.86,0.45857,50,13.71,22.96,0.54143,2,49,51.37,40.34,0.02494,50,35.37,19.85,0.97506,1,50,72.61,30.45,1,1,50,37.49,-61.88,1,1,50,21.86,-22,1,3,48,129.63,-6.17,0.01235,49,64.89,-21.79,0.297,50,-9.4,-25.3,0.69064,3,48,107.27,-10.1,0.20563,49,42.22,-20.74,0.72788,50,-20.86,-5.71,0.06649,2,48,140.91,-38.85,0.38656,49,68.77,-56.14,0.61344,2,48,122.66,-56.3,0.41236,49,47.15,-69.19,0.58764,2,48,89.22,-50.79,0.65537,49,15.72,-56.51,0.34463,2,48,55.35,-84.78,0.98903,49,-24.76,-82.29,0.01097,2,48,45.46,-77.05,0.99556,49,-32.72,-72.59,0.00444,1,48,1.31,-109.59,1,1,48,-4.45,-103.71,1,2,42,-79.5,-52.37,0.00212,48,2.17,-57.52,0.99788,3,42,-50.84,5.61,0.40632,45,-52.48,-0.43,0.09019,48,-48.96,-17.9,0.50349,3,42,-11.49,37.11,0.98136,43,-103.85,-14.28,2.1E-4,48,-71.99,26.94,0.01843,3,42,5.43,30.71,0.98651,43,-85.92,-11.9,0.01282,48,-62.36,42.24,6.7E-4,2,42,28.28,37.9,0.84622,43,-69.2,5.26,0.15378,2,42,44.7,67.14,0.45396,43,-68.59,38.79,0.54604,2,42,50.38,89.06,0.34486,43,-73.96,60.78,0.65514,2,42,82.22,89.58,0.24631,43,-46.17,76.32,0.75369,2,42,107.61,70.41,0.12314,43,-14.73,71.47,0.87686,2,42,126.58,34.25,0.00182,43,19.1,48.6,0.99818,2,43,43.89,31.84,0.9626,44,5.28,33.82,0.0374,2,43,60.45,20.65,0.51384,44,22.25,23.25,0.48616,2,43,80.53,7.07,0.02719,44,42.82,10.43,0.97281,3,43,73.95,-28.77,6.9E-4,44,37.59,-25.63,0.99931,46,65.61,38.23,0,4,42,126.23,-39.78,0.00176,43,53.86,-16.77,3.0E-5,44,17.07,-14.38,0.99656,46,43.72,46.49,0.00166,4,42,109.09,-35.25,0.07611,43,36.61,-20.89,0.03537,44,-0.02,-19.15,0.83891,46,27.47,39.38,0.04961,4,42,89.02,-35.18,0.33766,43,18.9,-30.34,0.1069,44,-17.36,-29.25,0.2923,46,11.71,26.95,0.26314,5,42,74,-37.19,0.2335,43,6.63,-39.22,0.00946,44,-29.29,-38.59,0.055,45,78.21,17.92,0.02158,46,1.21,16.03,0.68047,3,42,88.01,-43.89,0.02181,44,-13.82,-37.27,0.00554,46,16.34,19.5,0.97265,1,46,48.21,11.18,1,2,46,58.83,3.26,0.35688,47,10.46,10.04,0.64312,2,46,71.2,-5.98,0.00652,47,25.76,7.89,0.99348,1,47,43.58,-17.17,1,2,43,38.5,-0.68,0.63534,44,1.11,1.12,0.36466,1,44,18.64,0.16,1,4,42,100.9,-8.06,0.0095,43,16.52,-0.83,0.98052,44,-20.84,0.15,0.0075,46,4.14,55.57,0.00248,2,42,86.43,1.89,0.03608,43,-0.93,1.09,0.96392,3,42,79.08,-58.27,0.00161,44,-14.24,-54.19,4.2E-4,46,18.31,2.69,0.99797,3,46,43.92,-0.35,0.09157,47,-0.87,-0.3,0.90843,49,23.53,107.41,0,2,47,14.08,-1.06,1,49,38.46,106.3,0,3,45,30.09,-75.1,1.1E-4,48,60.85,0.45,0.66493,49,-0.79,-0.31,0.33496,2,49,20.76,0.22,0.99828,50,-14.94,23.7,0.00172,3,48,109.2,10.9,9.6E-4,49,48.68,-0.67,0.52672,50,-0.5,-0.21,0.47232,2,49,61.42,22.37,0.00529,50,25.77,1.64,0.99471,4,42,43.04,-1.14,0.9867,44,-74.25,-23.17,3.0E-5,45,34.28,36.05,0.01178,46,-45.46,24.99,0.0015,5,42,29.47,-35.01,2.9E-4,45,37.51,-0.3,0.99724,46,-35.02,-9.97,7.0E-5,48,6.83,52.72,0.00162,49,-42.09,62.49,7.7E-4,3,45,11.42,-51.54,0.00102,48,30.79,0.45,0.998,49,-30.12,6.25,9.7E-4,3,42,-15.35,-17.88,0.12593,45,-10.2,-5.31,0.58432,48,-18.87,12.21,0.28975],"hull":44}},"sung_3":{"sung_3":{"type":"mesh","uvs":[0.4107,0.34346,0.46745,0.52589,0.74582,0.62984,1,0.73591,1,1,0.67825,1,0.52691,0.83349,0.24314,0.76773,1.0E-5,0.67643,0,0.43892,0.15395,0,0.43772,0,0.25125,0.38376,0.37557,0.63196,0.61069,0.76561],"triangles":[13,7,12,13,1,14,7,8,12,8,9,12,1,12,0,1,13,12,9,10,12,12,10,0,0,10,11,5,3,4,6,14,5,3,14,2,3,5,14,7,13,6,6,13,14,14,1,2],"vertices":[1,37,27.32,-4.9,1,2,36,46.47,-12.58,0.17897,37,10.06,-7.57,0.82103,2,36,24.24,-16.07,0.98439,37,-1.32,-26.98,0.01561,1,36,3.36,-18.41,1,1,36,-10.51,1.86,1,1,36,8.87,15.12,1,1,36,26.73,8.58,1,2,36,47.28,15.23,0.71675,37,-10.94,10.68,0.28325,2,36,66.73,18.25,0.17589,37,-0.96,27.63,0.82411,2,36,79.2,0.02,0.00806,37,21.05,25.73,0.99194,1,37,60.75,11.02,1,1,37,58.97,-9.61,1,1,37,24.58,7.02,1,2,36,46.44,-0.65,0.16598,37,0.8,-0.04,0.83402,2,36,25.25,-0.08,0.99998,37,-13.05,-16.07,2.0E-5],"hull":12}},"sung_4":{"sung_4":{"x":20.24,"y":2.6,"rotation":-123.25,"width":38,"height":52}},"sung_6":{"sung_6":{"type":"mesh","uvs":[0.99999,0.33094,0.99999,0.75074,0.48863,0.83033,0.25604,1,0,1,0,0.79019,0.29527,0.60744,0.61178,0.53184,0.72294,0.32783,0.6618,1.0E-5,0.81691,0,0.86002,0.33721,0.73502,0.62362,0.41715,0.73265],"triangles":[12,11,1,1,11,0,7,8,12,12,8,11,0,11,10,11,8,10,8,9,10,3,13,2,6,13,3,6,3,5,5,3,4,2,12,1,2,7,12,2,13,7,13,6,7],"vertices":[1,39,30.22,-15.78,1,2,38,59.11,-19.37,0.81718,39,-8.36,-25.52,0.18282,1,38,26.07,-7.3,1,1,38,3.43,-12.69,1,1,38,-11.73,-3.14,1,1,38,-0.78,14.26,1,2,38,26.25,18.39,0.99817,39,3.02,30.5,0.00183,2,38,47.32,12.49,0.48142,39,9.38,8.54,0.51858,1,39,28.8,3.56,1,1,39,60.42,10.68,1,1,39,61.39,-0.13,1,1,39,28.74,-6.08,1,2,38,49.68,0.47,0.58844,39,1.75,-1.72,0.41156,1,38,26.94,3.47,1],"hull":11}}}},"animations":{"Attack 1_offset":{"slots":{"att_1/att_01_00006":{"attachment":[{"time":0.7667,"name":"att_1/att_01_00006"},{"time":0.8333,"name":"att_1/att_01_00007"},{"time":0.9,"name":"att_1/att_01_00008"},{"time":0.9333,"name":"att_1/att_01_00009"},{"time":0.9667,"name":"att_1/att_01_00010"},{"time":1,"name":"att_1/att_01_00011"},{"time":1.0333,"name":"att_1/att_01_00012"},{"time":1.0667,"name":null}]},"lighting/lighting_00000":{"attachment":[{"time":0.0667,"name":"lighting/lighting_00002"},{"time":0.1333,"name":"lighting/lighting_00004"},{"time":0.2,"name":"lighting/lighting_00006"},{"time":0.2667,"name":"lighting/lighting_00008"},{"time":0.3333,"name":"lighting/lighting_00010"},{"time":0.4333,"name":"lighting/lighting_00013"},{"time":0.5,"name":"lighting/lighting_00015"},{"time":0.5667,"name":"lighting/lighting_00017"},{"time":0.6,"name":"lighting/lighting_00000"},{"time":0.6667,"name":"lighting/lighting_00002"},{"time":0.7333,"name":"lighting/lighting_00004"},{"time":0.8,"name":"lighting/lighting_00006"},{"time":0.8667,"name":"lighting/lighting_00008"},{"time":0.9333,"name":"lighting/lighting_00010"},{"time":1.0333,"name":"lighting/lighting_00013"},{"time":1.1,"name":"lighting/lighting_00015"},{"time":1.1667,"name":"lighting/lighting_00017"},{"time":1.2667,"name":"lighting/lighting_00000"}]}},"bones":{"Mieng":{"translate":[{"time":0,"x":0.75,"y":0,"curve":[0.376,0.61,0.717,1]},{"time":0.0667,"x":1.63,"y":0,"curve":[0.38,0.59,0.727,1]},{"time":0.2333,"x":-7.4,"y":0,"curve":[0.38,0.59,0.727,1]},{"time":0.7333,"x":12.77,"y":0,"curve":[0.38,0.59,0.727,1]},{"time":0.9,"x":-7.05,"y":0,"curve":[0.341,0.36,0.675,0.7]},{"time":0.9333,"x":0.75,"y":0,"curve":[0.376,0.61,0.717,1]},{"time":0.9667,"x":-7.05,"y":0,"curve":[0.341,0.36,0.675,0.7]},{"time":1,"x":0.75,"y":0,"curve":[0.376,0.61,0.717,1]},{"time":1.0333,"x":-7.05,"y":0,"curve":[0.341,0.36,0.675,0.7]},{"time":1.0667,"x":0.75,"y":0,"curve":[0.376,0.61,0.717,1]},{"time":1.1,"x":-7.05,"y":0,"curve":[0.341,0.36,0.675,0.7]},{"time":1.1333,"x":0.75,"y":0,"curve":[0.376,0.61,0.717,1]},{"time":1.1667,"x":-7.05,"y":0,"curve":[0.341,0.36,0.675,0.7]},{"time":1.2,"x":0.75,"y":0,"curve":[0.376,0.61,0.717,1]},{"time":1.2333,"x":-7.05,"y":0,"curve":[0.341,0.36,0.675,0.7]},{"time":1.2667,"x":0.75,"y":0}]},"ma":{"translate":[{"time":0,"x":0.07,"y":0,"curve":"stepped"},{"time":0.0667,"x":0.07,"y":0,"curve":[0.366,0.63,0.703,1]},{"time":0.2333,"x":1.58,"y":-0.05,"curve":[0.366,0.63,0.703,1]},{"time":0.7333,"x":0.07,"y":0}]},"R_ngon10":{"rotate":[{"time":0,"angle":0,"curve":[0.25,0,0.75,1]},{"time":0.6667,"angle":9.25,"curve":[0.25,0,0.75,1]},{"time":0.8333,"angle":0}]},"R_ngon7":{"rotate":[{"time":0,"angle":0,"curve":[0.25,0,0.75,1]},{"time":0.6667,"angle":9.25,"curve":[0.25,0,0.75,1]},{"time":0.8333,"angle":0}]},"R_ngon4":{"rotate":[{"time":0,"angle":0,"curve":[0.25,0,0.75,1]},{"time":0.6667,"angle":3.98,"curve":[0.25,0,0.75,1]},{"time":0.8333,"angle":0}]},"R_ngon1":{"rotate":[{"time":0,"angle":0,"curve":[0.25,0,0.75,1]},{"time":0.6667,"angle":-6.62,"curve":[0.25,0,0.75,1]},{"time":0.8333,"angle":0}]},"sung 13":{"rotate":[{"time":0,"angle":-0.21,"curve":[0.34,0.66,0.673,1]},{"time":0.0667,"angle":-0.1,"curve":[0.366,0.63,0.703,1]},{"time":0.2333,"angle":-3.32,"curve":[0.366,0.63,0.703,1]},{"time":0.7333,"angle":3.48,"curve":[0.366,0.63,0.703,1]},{"time":0.9,"angle":-3.32,"curve":[0.36,0.55,0.696,0.9]},{"time":1.2667,"angle":-0.21}]},"sung 7":{"rotate":[{"time":0,"angle":2.26,"curve":[0.355,0.65,0.689,1]},{"time":0.1,"angle":1.22,"curve":[0.382,0.57,0.735,1]},{"time":0.2667,"angle":13.01,"curve":[0.382,0.57,0.735,1]},{"time":0.7667,"angle":-12.05,"curve":[0.382,0.57,0.735,1]},{"time":0.9333,"angle":13.01,"curve":[0.366,0.47,0.711,0.85]},{"time":1.2667,"angle":2.26}]},"sung 4":{"rotate":[{"time":0,"angle":-1,"curve":[0.351,0.65,0.685,1]},{"time":0.1,"angle":-0.52,"curve":[0.38,0.59,0.727,1]},{"time":0.2667,"angle":-6.36,"curve":[0.38,0.59,0.727,1]},{"time":0.7667,"angle":7.41,"curve":[0.38,0.59,0.727,1]},{"time":0.9333,"angle":-6.36,"curve":[0.366,0.49,0.707,0.86]},{"time":1.2667,"angle":-1}]},"sung 2":{"rotate":[{"time":0,"angle":1.56,"curve":[0.351,0.65,0.685,1]},{"time":0.1,"angle":0.89,"curve":[0.38,0.59,0.727,1]},{"time":0.2667,"angle":9.07,"curve":[0.38,0.59,0.727,1]},{"time":0.7667,"angle":-5.88,"curve":[0.38,0.59,0.727,1]},{"time":0.9333,"angle":9.07,"curve":[0.366,0.49,0.707,0.86]},{"time":1.2667,"angle":1.56}]},"body2":{"rotate":[{"time":0,"angle":0.1,"curve":[0.369,0.63,0.707,1]},{"time":0.0667,"angle":0,"curve":[0.25,0,0.75,1]},{"time":0.2333,"angle":-0.25,"curve":[0.25,0,0.75,1]},{"time":0.7333,"angle":-1.64,"curve":[0.25,0,0.75,1]},{"time":0.9,"angle":1.1,"curve":[0.244,0,0.693,0.76]},{"time":1.2667,"angle":0.1}],"translate":[{"time":0,"x":-0.22,"y":0,"curve":[0.34,0.66,0.673,1]},{"time":0.0667,"x":-0.39,"y":0,"curve":[0.366,0.63,0.703,1]},{"time":0.2333,"x":-4.15,"y":-0.02,"curve":[0.366,0.63,0.703,1]},{"time":0.7333,"x":4.91,"y":0.02,"curve":"stepped"},{"time":0.9,"x":4.91,"y":0.02,"curve":[0.36,0.55,0.696,0.9]},{"time":1.2667,"x":-0.22,"y":0}]},"Mieng tren":{"translate":[{"time":0,"x":-5.19,"y":0.01,"curve":[0.333,0.33,0.667,0.67]},{"time":0.0667,"x":-1.57,"y":0,"curve":[0.352,0.41,0.688,0.76]},{"time":0.2333,"x":-4.93,"y":0.01,"curve":[0.352,0.41,0.688,0.76]},{"time":0.7333,"x":6.25,"y":-0.01,"curve":[0.352,0.41,0.688,0.76]},{"time":0.9,"x":-6.27,"y":0.01,"curve":[0.333,0.33,0.667,0.67]},{"time":0.9667,"x":-7,"y":0.01,"curve":[0.333,0.33,0.667,0.67]},{"time":1.0333,"x":-6.27,"y":0.01,"curve":[0.333,0.33,0.667,0.67]},{"time":1.1,"x":-7,"y":0.01,"curve":[0.333,0.33,0.667,0.67]},{"time":1.1667,"x":-6.27,"y":0.01,"curve":[0.333,0.33,0.667,0.67]},{"time":1.2333,"x":-7,"y":0.01,"curve":[0.333,0.33,0.667,0.67]},{"time":1.2667,"x":-5.19,"y":0.01}]},"L_ngon10":{"rotate":[{"time":0,"angle":-32.71,"curve":[0.25,0,0.75,1]},{"time":0.1667,"angle":48.38,"curve":[0.25,0,1,0]},{"time":0.6667,"angle":-32.71,"curve":[0.25,0,0.75,1]},{"time":0.8333,"angle":-40.61,"curve":[0.25,0,0.75,1]},{"time":1.2667,"angle":-32.71}],"translate":[{"time":0,"x":0,"y":0,"curve":[0.25,0,0.75,1]},{"time":0.1667,"x":2.06,"y":-13.5,"curve":[0.25,0,1,0]},{"time":0.6667,"x":0,"y":0}]},"L_ngon7":{"rotate":[{"time":0,"angle":-13.7,"curve":[0.25,0,0.75,1]},{"time":0.1667,"angle":41.39,"curve":[0.25,0,1,0]},{"time":0.6667,"angle":-13.7,"curve":[0.25,0,0.75,1]},{"time":0.8333,"angle":-21.6,"curve":[0.25,0,0.75,1]},{"time":1.2667,"angle":-13.7}],"translate":[{"time":0,"x":0,"y":0,"curve":[0.25,0,0.75,1]},{"time":0.1667,"x":-1.75,"y":-2.94,"curve":[0.25,0,1,0]},{"time":0.6667,"x":0,"y":0}]},"L_ngon4":{"rotate":[{"time":0,"angle":0,"curve":[0.25,0,0.75,1]},{"time":0.1667,"angle":54.08,"curve":[0.25,0,1,0]},{"time":0.6667,"angle":0,"curve":[0.25,0,0.75,1]},{"time":0.8333,"angle":-7.9,"curve":[0.25,0,0.75,1]},{"time":1.2667,"angle":0}],"translate":[{"time":0,"x":0,"y":0,"curve":[0.25,0,0.75,1]},{"time":0.1667,"x":1.3,"y":-6.59,"curve":[0.25,0,1,0]},{"time":0.6667,"x":0,"y":0}]},"L_ngon1":{"rotate":[{"time":0,"angle":0,"curve":[0.25,0,0.75,1]},{"time":0.1667,"angle":-20.59,"curve":[0.25,0,1,0]},{"time":0.6667,"angle":0,"curve":[0.25,0,0.75,1]},{"time":0.8333,"angle":17.7,"curve":[0.25,0,0.75,1]},{"time":1.2667,"angle":0}]},"body":{"rotate":[{"time":0,"angle":0,"curve":[0.25,0,0.75,1]},{"time":0.1667,"angle":-0.25,"curve":[0.25,0,0.75,1]},{"time":0.6667,"angle":-1.64,"curve":[0.25,0,0.75,1]},{"time":0.8333,"angle":1.1,"curve":[0.25,0,0.75,1]},{"time":1.2667,"angle":0}],"translate":[{"time":0,"x":0,"y":0,"curve":[0.25,0,0.75,1]},{"time":0.1667,"x":0.69,"y":-21.82,"curve":[0.246,0,0.723,0.88]},{"time":0.6667,"x":-1.1,"y":34.77,"curve":[0.25,0,0.75,1]},{"time":0.8333,"x":1.64,"y":-51.62,"curve":[0.25,0,0.75,1]},{"time":1.2667,"x":0,"y":0}]},"bone7":{"rotate":[{"time":0,"angle":-0.17}]},"bone4":{"translate":[{"time":0,"x":0.4,"y":0}]},"bone2":{"translate":[{"time":0,"x":4.77,"y":-42.28,"curve":[0.25,0,0.75,1]},{"time":0.1667,"x":42.49,"y":-58.54,"curve":[0.248,0,0.628,0.52]},{"time":0.4333,"x":-91.06,"y":116.23,"curve":[0.378,0.52,0.748,1]},{"time":0.6667,"x":-53.4,"y":328.62,"curve":[0.284,0,0.625,0.38]},{"time":0.7,"x":-86.58,"y":193.31,"curve":[0.311,0.26,0.651,0.61]},{"time":0.7333,"x":-141.19,"y":-86,"curve":[0.363,0.44,0.755,1]},{"time":0.8333,"x":228.79,"y":-182.44,"curve":[0.25,0,0.75,1]},{"time":1.2667,"x":4.77,"y":-42.28}]},"L_ARM3":{"rotate":[{"time":0,"angle":-0.1}]},"bone":{"translate":[{"time":0,"x":-0.78,"y":-0.06,"curve":"stepped"},{"time":0.6667,"x":-0.78,"y":-0.06,"curve":[0.345,0.41,0.679,0.74]},{"time":0.7333,"x":-196.27,"y":232.49,"curve":[0.355,0.65,0.69,1]},{"time":0.8333,"x":-127.43,"y":-351.14,"curve":[0.366,0.63,0.703,1]},{"time":1.2667,"x":-0.78,"y":-0.06}]},"bone6":{"rotate":[{"time":0,"angle":-0.03}]},"R_ngon12":{"rotate":[{"time":0,"angle":0,"curve":[0.25,0,0.75,1]},{"time":0.6667,"angle":9.25,"curve":[0.25,0,0.75,1]},{"time":0.8333,"angle":0}]},"R_ngon11":{"rotate":[{"time":0,"angle":0,"curve":[0.25,0,0.75,1]},{"time":0.6667,"angle":9.25,"curve":[0.25,0,0.75,1]},{"time":0.8333,"angle":0}]},"R_ngon9":{"rotate":[{"time":0,"angle":0,"curve":[0.25,0,0.75,1]},{"time":0.6667,"angle":9.25,"curve":[0.25,0,0.75,1]},{"time":0.8333,"angle":0}]},"R_ngon8":{"rotate":[{"time":0,"angle":0,"curve":[0.25,0,0.75,1]},{"time":0.6667,"angle":9.25,"curve":[0.25,0,0.75,1]},{"time":0.8333,"angle":0}]},"R_ngon6":{"rotate":[{"time":0,"angle":0,"curve":[0.25,0,0.75,1]},{"time":0.6667,"angle":3.98,"curve":[0.25,0,0.75,1]},{"time":0.8333,"angle":0}]},"R_ngon5":{"rotate":[{"time":0,"angle":0,"curve":[0.25,0,0.75,1]},{"time":0.6667,"angle":3.98,"curve":[0.25,0,0.75,1]},{"time":0.8333,"angle":0}]},"R_ngon3":{"rotate":[{"time":0,"angle":0,"curve":[0.25,0,0.75,1]},{"time":0.6667,"angle":-6.62,"curve":[0.25,0,0.75,1]},{"time":0.8333,"angle":0}]},"R_ngon2":{"rotate":[{"time":0,"angle":0,"curve":[0.25,0,0.75,1]},{"time":0.6667,"angle":-6.62,"curve":[0.25,0,0.75,1]},{"time":0.8333,"angle":0}]},"bone3":{"translate":[{"time":0,"x":26.2,"y":1.7}]},"sung 15":{"rotate":[{"time":0,"angle":-0.63,"curve":[0.373,0.62,0.713,1]},{"time":0.2,"angle":-0.54,"curve":[0.381,0.55,0.742,1]},{"time":0.3667,"angle":-0.83,"curve":[0.381,0.55,0.742,1]},{"time":0.8667,"angle":-16.34,"curve":[0.381,0.55,0.742,1]},{"time":1.0333,"angle":-0.83,"curve":[0.351,0.39,0.692,0.75]},{"time":1.2667,"angle":-0.63}]},"sung 14":{"rotate":[{"time":0,"angle":-0.17,"curve":[0.356,0.65,0.691,1]},{"time":0.1333,"angle":-0.3,"curve":[0.38,0.59,0.727,1]},{"time":0.3,"angle":0.65,"curve":[0.38,0.59,0.727,1]},{"time":0.8,"angle":3.29,"curve":[0.38,0.59,0.727,1]},{"time":0.9667,"angle":0.65,"curve":[0.362,0.46,0.701,0.82]},{"time":1.2667,"angle":-0.17}]},"sung 12":{"rotate":[{"time":0,"angle":2.13,"curve":[0.373,0.62,0.713,1]},{"time":0.2,"angle":0.65,"curve":[0.381,0.55,0.742,1]},{"time":0.3667,"angle":5.53,"curve":[0.381,0.55,0.742,1]},{"time":0.8667,"angle":2.24,"curve":[0.381,0.55,0.742,1]},{"time":1.0333,"angle":5.53,"curve":[0.351,0.39,0.692,0.75]},{"time":1.2667,"angle":2.13}]},"sung 11":{"rotate":[{"time":0,"angle":0.36,"curve":"stepped"},{"time":0.3,"angle":0.36,"curve":[0.38,0.59,0.727,1]},{"time":0.8,"angle":1.95,"curve":[0.38,0.59,0.727,1]},{"time":0.9667,"angle":0.36}]},"sung 10":{"rotate":[{"time":0,"angle":0.36,"curve":[0.34,0.66,0.673,1]},{"time":0.0667,"angle":0.12,"curve":[0.366,0.63,0.703,1]},{"time":0.2333,"angle":7.22,"curve":[0.366,0.63,0.703,1]},{"time":0.7333,"angle":1.72,"curve":[0.366,0.63,0.703,1]},{"time":0.9,"angle":7.22,"curve":[0.36,0.55,0.696,0.9]},{"time":1.2667,"angle":0.36}]},"sung 5":{"rotate":[{"time":0,"angle":-2.72,"curve":[0.373,0.62,0.713,1]},{"time":0.2,"angle":-0.94,"curve":[0.381,0.55,0.742,1]},{"time":0.3667,"angle":-6.78,"curve":[0.381,0.55,0.742,1]},{"time":0.8667,"angle":6.99,"curve":[0.381,0.55,0.742,1]},{"time":1.0333,"angle":-6.78,"curve":[0.351,0.39,0.692,0.75]},{"time":1.2667,"angle":-2.72}]},"sung 3":{"rotate":[{"time":0,"angle":4.1,"curve":[0.373,0.62,0.713,1]},{"time":0.2,"angle":1.61,"curve":[0.381,0.55,0.742,1]},{"time":0.3667,"angle":9.79,"curve":[0.381,0.55,0.742,1]},{"time":0.8667,"angle":-5.15,"curve":[0.381,0.55,0.742,1]},{"time":1.0333,"angle":9.79,"curve":[0.351,0.39,0.692,0.75]},{"time":1.2667,"angle":4.1}]},"sung 9":{"rotate":[{"time":0,"angle":-2.1,"curve":[0.373,0.62,0.713,1]},{"time":0.2,"angle":0.44,"curve":[0.381,0.55,0.742,1]},{"time":0.3667,"angle":-7.9,"curve":[0.381,0.55,0.742,1]},{"time":0.8667,"angle":-1.33,"curve":[0.381,0.55,0.742,1]},{"time":1.0333,"angle":-7.9,"curve":[0.351,0.39,0.692,0.75]},{"time":1.2667,"angle":-2.1}]},"sung 8":{"rotate":[{"time":0,"angle":0.31,"curve":[0.356,0.65,0.691,1]},{"time":0.1333,"angle":0.24,"curve":[0.38,0.59,0.727,1]},{"time":0.3,"angle":0.74,"curve":[0.38,0.59,0.727,1]},{"time":0.8,"angle":0.24,"curve":[0.38,0.59,0.727,1]},{"time":0.9667,"angle":0.74,"curve":[0.362,0.46,0.701,0.82]},{"time":1.2667,"angle":0.31}]},"sung 1":{"rotate":[{"time":0,"angle":0.21,"curve":[0.34,0.66,0.673,1]},{"time":0.0667,"angle":0.08,"curve":[0.366,0.63,0.703,1]},{"time":0.2333,"angle":3.95,"curve":[0.366,0.63,0.703,1]},{"time":0.7333,"angle":-1.43,"curve":[0.366,0.63,0.703,1]},{"time":0.9,"angle":3.95,"curve":[0.36,0.55,0.696,0.9]},{"time":1.2667,"angle":0.21}]},"L_ngon12":{"rotate":[{"time":0,"angle":14.5,"curve":[0.25,0,0.75,1]},{"time":0.1667,"angle":47.3,"curve":[0.25,0,1,0]},{"time":0.6667,"angle":14.5,"curve":[0.25,0,0.75,1]},{"time":0.8333,"angle":6.61,"curve":[0.25,0,0.75,1]},{"time":1.2667,"angle":14.5}]},"L_ngon11":{"rotate":[{"time":0,"angle":-20.01,"curve":[0.25,0,0.75,1]},{"time":0.1667,"angle":12.78,"curve":[0.25,0,1,0]},{"time":0.6667,"angle":-20.01,"curve":[0.25,0,0.75,1]},{"time":0.8333,"angle":-27.91,"curve":[0.25,0,0.75,1]},{"time":1.2667,"angle":-20.01}]},"L_ngon9":{"rotate":[{"time":0,"angle":1.21,"curve":[0.25,0,0.75,1]},{"time":0.1667,"angle":31.42,"curve":[0.25,0,1,0]},{"time":0.6667,"angle":1.21,"curve":[0.25,0,0.75,1]},{"time":0.8333,"angle":-6.69,"curve":[0.25,0,0.75,1]},{"time":1.2667,"angle":1.21}]},"L_ngon8":{"rotate":[{"time":0,"angle":1.21,"curve":[0.25,0,0.75,1]},{"time":0.1667,"angle":31.42,"curve":[0.25,0,1,0]},{"time":0.6667,"angle":1.21,"curve":[0.25,0,0.75,1]},{"time":0.8333,"angle":-6.69,"curve":[0.25,0,0.75,1]},{"time":1.2667,"angle":1.21}]},"L_ngon6":{"rotate":[{"time":0,"angle":0,"curve":[0.25,0,0.75,1]},{"time":0.1667,"angle":41.47,"curve":[0.25,0,1,0]},{"time":0.6667,"angle":0,"curve":[0.25,0,0.75,1]},{"time":0.8333,"angle":-7.9,"curve":[0.25,0,0.75,1]},{"time":1.2667,"angle":0}]},"L_ngon5":{"rotate":[{"time":0,"angle":0,"curve":[0.25,0,0.75,1]},{"time":0.1667,"angle":6.9,"curve":[0.25,0,1,0]},{"time":0.6667,"angle":0,"curve":[0.25,0,0.75,1]},{"time":0.8333,"angle":-7.9,"curve":[0.25,0,0.75,1]},{"time":1.2667,"angle":0}]},"L_ngon3":{"rotate":[{"time":0,"angle":0,"curve":[0.25,0,0.75,1]},{"time":0.1667,"angle":-20.59,"curve":[0.25,0,1,0]},{"time":0.6667,"angle":0,"curve":[0.25,0,0.75,1]},{"time":0.8333,"angle":17.7,"curve":[0.25,0,0.75,1]},{"time":1.2667,"angle":0}]},"L_ngon2":{"rotate":[{"time":0,"angle":0,"curve":[0.25,0,0.75,1]},{"time":0.1667,"angle":-20.59,"curve":[0.25,0,1,0]},{"time":0.6667,"angle":0,"curve":[0.25,0,0.75,1]},{"time":0.8333,"angle":17.7,"curve":[0.25,0,0.75,1]},{"time":1.2667,"angle":0}]},"L_ARM2":{"rotate":[{"time":0,"angle":0.2}]},"L_ARM":{"translate":[{"time":0,"x":0,"y":-14.13}]},"Y":{"translate":[{"time":0,"x":-1.39,"y":0,"curve":"stepped"},{"time":0.1667,"x":-1.39,"y":0,"curve":[0.372,0.48,0.752,1]},{"time":0.6667,"x":9.26,"y":0,"curve":[0.372,0.48,0.752,1]},{"time":0.8333,"x":-1.39,"y":0}]},"c3":{"rotate":[{"time":0,"angle":100},{"time":0.3333,"angle":0},{"time":0.7667,"angle":-120},{"time":1.2,"angle":120},{"time":1.2667,"angle":100}]},"c2":{"rotate":[{"time":0,"angle":50},{"time":0.1667,"angle":0},{"time":0.6,"angle":-120},{"time":1.0333,"angle":120},{"time":1.2667,"angle":50}]},"c1":{"rotate":[{"time":0,"angle":0},{"time":0.4333,"angle":-120},{"time":0.8667,"angle":120},{"time":1.2667,"angle":0}]},"att_01":{"rotate":[{"time":0.7667,"angle":5.5}],"translate":[{"time":0.7667,"x":-93.5,"y":43.49}],"scale":[{"time":0.7667,"x":6.24,"y":6.24}]},"canh cay 1":{"rotate":[{"time":0,"angle":1.43,"curve":[0.378,0.61,0.721,1]},{"time":0.1,"angle":0,"curve":[0.25,0,0.75,1]},{"time":0.2667,"angle":5.85,"curve":[0.25,0,0.75,1]},{"time":0.7667,"angle":-5.19,"curve":[0.25,0,0.75,1]},{"time":0.9333,"angle":8.76,"curve":[0.242,0,0.671,0.68]},{"time":1.2667,"angle":1.43}]},"canh cay 2":{"rotate":[{"time":0,"angle":0.79,"curve":[0.378,0.52,0.747,1]},{"time":0.2,"angle":0,"curve":[0.25,0,0.75,1]},{"time":0.3667,"angle":5.85,"curve":[0.25,0,0.75,1]},{"time":0.8667,"angle":-12.2,"curve":[0.25,0,0.75,1]},{"time":1.0333,"angle":1.75,"curve":[0.248,0,0.629,0.52]},{"time":1.2667,"angle":0.79}]}},"deform":{"default":{"R_ngon1":{"R_ngon1":[{"time":0,"curve":[0.25,0,0.75,1]},{"time":0.6667,"vertices":[0.34631,-0.13066,0.3604,-0.33293,0.05051,-0.42545,0.00743,-0.20618,-0.18235,-0.09652,-0.01755,-0.07908,-0.07882,-0.01866,-0.07777,0.02261,-0.13586,-0.02966,-0.08588,0.10936,-0.0208,0.1375,-0.21954,0.00528,-0.09088,0.19991,0.01949,0.21873,-0.10604,0.29797,0.05464,0.31154,0.13289,0.57851,0.19593,0.59296,0.15813,0.40258,0.33605,0.27232,0.2787,0.27077,0.37597,0.0982,0.21216,0.28201,0.34627,-0.06813,0.40067,0.12313,0.28539,-0.30702,0.47972,0.05653,0.25986,-0.4072,0.16133,0.01189,0.08099,-0.14005,0.16743,-0.17028,-0.08033,-0.22489,0.09027,0.03487,0.07576,0.21902,0.17389,0.15321,0.1813,0.28662],"curve":[0.25,0,0.75,1]},{"time":0.8333}]}}},"drawOrder":[{"time":0.8333,"offsets":[{"slot":"L_ngon4","offset":5},{"slot":"L_ngon3","offset":5},{"slot":"L_ngon2","offset":5},{"slot":"L_cang","offset":5},{"slot":"L_ngon1","offset":5}]},{"time":1.2667}]},"Attack 2_offset":{"slots":{"att_2/att_02_00000":{"attachment":[{"time":0.6,"name":"att_2/att_02_00000"},{"time":0.6333,"name":"att_2/att_02_00001"},{"time":0.6667,"name":"att_2/att_02_00002"},{"time":0.7,"name":"att_2/att_02_00003"},{"time":0.7333,"name":"att_2/att_02_00004"},{"time":0.7667,"name":"att_2/att_02_00005"},{"time":0.8,"name":"att_2/att_02_00006"},{"time":0.8333,"name":"att_2/att_02_00007"},{"time":0.8667,"name":"att_2/att_02_00008"},{"time":0.9,"name":"att_2/att_02_00009"},{"time":0.9333,"name":"att_2/att_02_00010"},{"time":0.9667,"name":"att_2/att_02_00011"},{"time":1,"name":"att_2/att_02_00012"},{"time":1.0333,"name":null}]},"att_2/att_02_0":{"attachment":[{"time":0.6,"name":"att_2/att_02_00000"},{"time":0.6333,"name":"att_2/att_02_00001"},{"time":0.6667,"name":"att_2/att_02_00002"},{"time":0.7,"name":"att_2/att_02_00003"},{"time":0.7333,"name":"att_2/att_02_00004"},{"time":0.7667,"name":"att_2/att_02_00005"},{"time":0.8,"name":"att_2/att_02_00006"},{"time":0.8333,"name":"att_2/att_02_00007"},{"time":0.8667,"name":"att_2/att_02_00008"},{"time":0.9,"name":"att_2/att_02_00009"},{"time":0.9333,"name":"att_2/att_02_00010"},{"time":0.9667,"name":"att_2/att_02_00011"},{"time":1,"name":"att_2/att_02_00012"},{"time":1.0333,"name":null}]},"explo/explo_00000":{"attachment":[{"time":0.6667,"name":"explo/explo_00000"},{"time":0.7,"name":"explo/explo_00001"},{"time":0.7333,"name":"explo/explo_00002"},{"time":0.7667,"name":"explo/explo_00003"},{"time":0.8,"name":"explo/explo_00004"},{"time":0.8333,"name":"explo/explo_00005"},{"time":0.8667,"name":"explo/explo_00006"},{"time":0.9,"name":"explo/explo_00007"},{"time":0.9333,"name":"explo/explo_00008"},{"time":0.9667,"name":"explo/explo_00009"},{"time":1,"name":"explo/explo_00010"},{"time":1.0333,"name":"explo/explo_00011"},{"time":1.0667,"name":"explo/explo_00012"},{"time":1.1,"name":"explo/explo_00013"},{"time":1.1333,"name":"explo/explo_00014"},{"time":1.1667,"name":null}]},"lighting/lighting_00000":{"attachment":[{"time":0.0667,"name":"lighting/lighting_00002"},{"time":0.1333,"name":"lighting/lighting_00004"},{"time":0.2,"name":"lighting/lighting_00006"},{"time":0.2667,"name":"lighting/lighting_00008"},{"time":0.3333,"name":"lighting/lighting_00010"},{"time":0.4333,"name":"lighting/lighting_00013"},{"time":0.5,"name":"lighting/lighting_00015"},{"time":0.5667,"name":"lighting/lighting_00017"},{"time":0.6,"name":"lighting/lighting_00000"},{"time":0.6667,"name":"lighting/lighting_00002"},{"time":0.7333,"name":"lighting/lighting_00004"},{"time":0.8,"name":"lighting/lighting_00006"},{"time":0.8667,"name":"lighting/lighting_00008"},{"time":0.9333,"name":"lighting/lighting_00010"},{"time":1.0333,"name":"lighting/lighting_00013"},{"time":1.1,"name":"lighting/lighting_00015"},{"time":1.1667,"name":"lighting/lighting_00017"},{"time":1.2333,"name":"lighting/lighting_00000"},{"time":1.3,"name":"lighting/lighting_00002"},{"time":1.3667,"name":"lighting/lighting_00004"},{"time":1.4333,"name":"lighting/lighting_00006"},{"time":1.5,"name":"lighting/lighting_00008"}]}},"bones":{"Mieng":{"translate":[{"time":0,"x":1.63,"y":0,"curve":[0.38,0.59,0.727,1]},{"time":0.5,"x":-17.96,"y":0,"curve":[0.38,0.59,0.727,1]},{"time":0.6667,"x":34.46,"y":0,"curve":[0.34,0.36,0.674,0.69]},{"time":0.7333,"x":29.47,"y":0,"curve":[0.342,0.37,0.675,0.7]},{"time":0.8,"x":32.19,"y":0,"curve":[0.344,0.39,0.678,0.72]},{"time":0.8667,"x":26.68,"y":0,"curve":[0.353,0.51,0.688,0.86]},{"time":0.9333,"x":22.74,"y":0,"curve":[0.342,0.66,0.675,1]},{"time":1,"x":30.3,"y":0,"curve":[0.338,0.35,0.671,0.68]},{"time":1.0667,"x":20.86,"y":0,"curve":[0.338,0.35,0.672,0.69]},{"time":1.1333,"x":18.15,"y":0,"curve":[0.339,0.36,0.673,0.69]},{"time":1.2,"x":11.65,"y":0,"curve":[0.34,0.37,0.674,0.7]},{"time":1.2667,"x":10.88,"y":0,"curve":[0.341,0.38,0.675,0.72]},{"time":1.3333,"x":3.99,"y":0,"curve":[0.342,0.41,0.676,0.74]},{"time":1.4,"x":3.47,"y":0,"curve":[0.349,0.65,0.683,1]},{"time":1.5,"x":1.63,"y":0}]},"ma":{"translate":[{"time":0,"x":0.25,"y":-0.01,"curve":[0.339,0.66,0.672,1]},{"time":0.0667,"x":0.07,"y":0,"curve":[0.366,0.63,0.703,1]},{"time":0.5667,"x":12.42,"y":-0.39,"curve":[0.366,0.63,0.703,1]},{"time":0.7333,"x":-7.22,"y":0.23,"curve":[0.366,0.63,0.703,1]},{"time":1.0667,"x":6.88,"y":-0.22,"curve":[0.361,0.56,0.697,0.92]},{"time":1.5,"x":0.25,"y":-0.01}]},"R_ngon10":{"rotate":[{"time":0,"angle":0,"curve":[0.273,0,0.62,0.41]},{"time":0.1333,"angle":-23.85,"curve":[0.337,0.35,0.758,1]},{"time":0.5,"angle":14.35,"curve":[0.25,0,0.75,1]},{"time":0.6667,"angle":13.32,"curve":"stepped"},{"time":1,"angle":13.32,"curve":[0.25,0,0.75,1]},{"time":1.5,"angle":0}]},"R_ngon7":{"rotate":[{"time":0,"angle":0,"curve":[0.273,0,0.62,0.41]},{"time":0.1333,"angle":-23.85,"curve":[0.337,0.35,0.758,1]},{"time":0.5,"angle":14.35,"curve":[0.25,0,0.75,1]},{"time":0.6667,"angle":13.32,"curve":"stepped"},{"time":1,"angle":13.32,"curve":[0.25,0,0.75,1]},{"time":1.5,"angle":0}]},"R_ngon4":{"rotate":[{"time":0,"angle":0,"curve":[0.273,0,0.62,0.41]},{"time":0.1333,"angle":-23.85,"curve":[0.337,0.35,0.758,1]},{"time":0.5,"angle":14.35,"curve":[0.25,0,0.75,1]},{"time":0.6667,"angle":13.32,"curve":"stepped"},{"time":1,"angle":13.32,"curve":[0.25,0,0.75,1]},{"time":1.5,"angle":0}]},"R_ngon1":{"rotate":[{"time":0,"angle":0,"curve":[0.273,0,0.62,0.41]},{"time":0.1333,"angle":37.02,"curve":[0.337,0.35,0.758,1]},{"time":0.5,"angle":27.77,"curve":[0.25,0,0.75,1]},{"time":0.6667,"angle":0.45,"curve":"stepped"},{"time":1,"angle":0.45,"curve":[0.25,0,0.75,1]},{"time":1.5,"angle":0}]},"sung 13":{"rotate":[{"time":0,"angle":-0.15,"curve":[0.339,0.66,0.672,1]},{"time":0.0667,"angle":-0.1,"curve":[0.366,0.63,0.703,1]},{"time":0.5667,"angle":-4.82,"curve":[0.366,0.63,0.703,1]},{"time":0.7333,"angle":-0.1,"curve":[0.366,0.63,0.703,1]},{"time":1.0667,"angle":-2.1,"curve":[0.361,0.56,0.697,0.92]},{"time":1.5,"angle":-0.15}]},"sung 7":{"rotate":[{"time":0,"angle":1.73,"curve":[0.352,0.65,0.687,1]},{"time":0.1,"angle":1.22,"curve":[0.382,0.57,0.735,1]},{"time":0.6,"angle":17.34,"curve":[0.382,0.57,0.735,1]},{"time":0.7667,"angle":1.22,"curve":[0.382,0.57,0.735,1]},{"time":1.1,"angle":8.7,"curve":[0.368,0.48,0.713,0.87]},{"time":1.5,"angle":1.73}]},"sung 4":{"rotate":[{"time":0,"angle":-1,"curve":[0.349,0.65,0.683,1]},{"time":0.1,"angle":-0.52,"curve":[0.38,0.59,0.727,1]},{"time":0.6,"angle":-13.22,"curve":[0.38,0.59,0.727,1]},{"time":0.7667,"angle":-0.52,"curve":[0.38,0.59,0.727,1]},{"time":1.1,"angle":-8.03,"curve":[0.368,0.5,0.709,0.87]},{"time":1.5,"angle":-1}]},"sung 2":{"rotate":[{"time":0,"angle":1.37,"curve":[0.349,0.65,0.683,1]},{"time":0.1,"angle":0.89,"curve":[0.38,0.59,0.727,1]},{"time":0.6,"angle":15.93,"curve":[0.38,0.59,0.727,1]},{"time":0.7667,"angle":0.89,"curve":[0.38,0.59,0.727,1]},{"time":1.1,"angle":8.37,"curve":[0.368,0.5,0.709,0.87]},{"time":1.5,"angle":1.37}]},"c3":{"rotate":[{"time":0,"angle":80},{"time":0.3333,"angle":0},{"time":0.8333,"angle":-120},{"time":1.3333,"angle":120},{"time":1.5,"angle":80}]},"c2":{"rotate":[{"time":0,"angle":40},{"time":0.1667,"angle":0},{"time":0.6667,"angle":-120},{"time":1.1667,"angle":120},{"time":1.5,"angle":40}]},"c1":{"rotate":[{"time":0,"angle":0},{"time":0.5,"angle":-120},{"time":1,"angle":120},{"time":1.5,"angle":0}]},"Mieng tren":{"translate":[{"time":0,"x":-1.06,"y":0,"curve":[0.337,0.35,0.67,0.68]},{"time":0.0667,"x":-1.57,"y":0,"curve":[0.352,0.41,0.688,0.76]},{"time":0.5667,"x":25.68,"y":-0.03,"curve":[0.352,0.41,0.688,0.76]},{"time":0.7333,"x":-8.95,"y":0.01,"curve":[0.352,0.41,0.688,0.76]},{"time":1.0667,"x":3.12,"y":0,"curve":[0.349,0.4,0.685,0.74]},{"time":1.5,"x":-1.06,"y":0}]},"L_ngon10":{"rotate":[{"time":0,"angle":-32.71,"curve":[0.273,0,0.62,0.41]},{"time":0.1333,"angle":-15.37,"curve":[0.337,0.35,0.758,1]},{"time":0.5,"angle":-38.56,"curve":[0.25,0,0.75,1]},{"time":0.6667,"angle":-45.41,"curve":"stepped"},{"time":1,"angle":-45.41,"curve":[0.25,0,0.75,1]},{"time":1.5,"angle":-32.71}]},"L_ngon7":{"rotate":[{"time":0,"angle":-13.7,"curve":[0.273,0,0.62,0.41]},{"time":0.1333,"angle":3.63,"curve":[0.337,0.35,0.758,1]},{"time":0.5,"angle":-19.55,"curve":[0.25,0,0.75,1]},{"time":0.6667,"angle":-26.4,"curve":"stepped"},{"time":1,"angle":-26.4,"curve":[0.25,0,0.75,1]},{"time":1.5,"angle":-13.7}]},"L_ngon4":{"rotate":[{"time":0,"angle":0,"curve":[0.273,0,0.62,0.41]},{"time":0.1333,"angle":17.34,"curve":[0.337,0.35,0.758,1]},{"time":0.5,"angle":-5.85,"curve":[0.25,0,0.75,1]},{"time":0.6667,"angle":-12.7,"curve":"stepped"},{"time":1,"angle":-12.7,"curve":[0.25,0,0.75,1]},{"time":1.5,"angle":0}]},"L_ngon1":{"rotate":[{"time":0,"angle":0,"curve":[0.273,0,0.62,0.41]},{"time":0.1333,"angle":-21.34,"curve":[0.337,0.35,0.758,1]},{"time":0.5,"angle":19.02,"curve":[0.25,0,0.75,1]},{"time":0.6667,"angle":18.42,"curve":"stepped"},{"time":1,"angle":18.42,"curve":[0.25,0,0.75,1]},{"time":1.5,"angle":0}]},"body":{"translate":[{"time":0,"x":0,"y":0,"curve":[0.25,0,0.75,1]},{"time":0.5,"x":-0.9,"y":28.22,"curve":[0.25,0,0.75,1]},{"time":0.6667,"x":0.12,"y":-3.79,"curve":[0.25,0,0.75,1]},{"time":1,"x":-0.9,"y":28.22,"curve":[0.25,0,0.75,1]},{"time":1.5,"x":0,"y":0}]},"bone5":{"translate":[{"time":0,"x":0,"y":0,"curve":[0.578,0.37,0.813,0.72]},{"time":0.1667,"x":116.38,"y":258.86,"curve":[0.185,0.78,0.3,1.25]},{"time":0.5,"x":-75.98,"y":442.26,"curve":[0.258,0,0.619,0.45]},{"time":0.6667,"x":-110,"y":-69.17,"curve":"stepped"},{"time":1,"x":-110,"y":-69.17,"curve":[0.328,0,0.661,0.34]},{"time":1.0667,"x":-105.17,"y":-67.59,"curve":[0.328,0.22,0.661,0.56]},{"time":1.1333,"x":-96.08,"y":-61.69,"curve":[0.328,0.27,0.662,0.6]},{"time":1.2,"x":-87.07,"y":-57.86,"curve":[0.329,0.29,0.662,0.62]},{"time":1.2667,"x":-71.45,"y":-46.28,"curve":[0.329,0.3,0.662,0.63]},{"time":1.3333,"x":-55.9,"y":-37.43,"curve":[0.329,0.31,0.663,0.64]},{"time":1.4,"x":-35.52,"y":-19.47,"curve":[0.328,0.3,0.661,0.64]},{"time":1.5,"x":0,"y":0}]},"bone7":{"rotate":[{"time":0,"angle":-0.17}]},"bone4":{"translate":[{"time":0,"x":0.4,"y":0}]},"bone2":{"translate":[{"time":0,"x":4.77,"y":-42.28,"curve":[0.578,0.37,0.813,0.72]},{"time":0.1667,"x":-89.26,"y":195.73,"curve":[0.185,0.78,0.3,1.25]},{"time":0.5,"x":78.53,"y":367.97,"curve":[0.258,0,0.619,0.45]},{"time":0.6667,"x":115.9,"y":-134.14,"curve":"stepped"},{"time":1,"x":115.9,"y":-134.14,"curve":[0.297,0,0.634,0.37]},{"time":1.0667,"x":104.59,"y":-126.85,"curve":[0.312,0.24,0.648,0.59]},{"time":1.1333,"x":93.18,"y":-114.67,"curve":[0.322,0.3,0.658,0.64]},{"time":1.2,"x":70.76,"y":-100.3,"curve":[0.33,0.32,0.666,0.66]},{"time":1.2667,"x":55.1,"y":-83.93,"curve":[0.338,0.35,0.674,0.69]},{"time":1.3333,"x":31.59,"y":-68.51,"curve":[0.347,0.38,0.683,0.73]},{"time":1.4,"x":19.47,"y":-53.87,"curve":[0.375,0.62,0.716,1]},{"time":1.5,"x":4.77,"y":-42.28}]},"L_ARM3":{"rotate":[{"time":0,"angle":-0.1}]},"bone":{"translate":[{"time":0,"x":-0.78,"y":-0.06}]},"bone6":{"rotate":[{"time":0,"angle":-0.03}]},"R_ngon12":{"rotate":[{"time":0,"angle":0,"curve":[0.273,0,0.62,0.41]},{"time":0.1333,"angle":-23.85,"curve":[0.337,0.35,0.758,1]},{"time":0.5,"angle":14.35,"curve":[0.25,0,0.75,1]},{"time":0.6667,"angle":13.32,"curve":"stepped"},{"time":1,"angle":13.32,"curve":[0.25,0,0.75,1]},{"time":1.5,"angle":0}]},"R_ngon11":{"rotate":[{"time":0,"angle":0,"curve":[0.273,0,0.62,0.41]},{"time":0.1333,"angle":-23.85,"curve":[0.337,0.35,0.758,1]},{"time":0.5,"angle":14.35,"curve":[0.25,0,0.75,1]},{"time":0.6667,"angle":13.32,"curve":"stepped"},{"time":1,"angle":13.32,"curve":[0.25,0,0.75,1]},{"time":1.5,"angle":0}]},"R_ngon9":{"rotate":[{"time":0,"angle":0,"curve":[0.273,0,0.62,0.41]},{"time":0.1333,"angle":-23.85,"curve":[0.337,0.35,0.758,1]},{"time":0.5,"angle":14.35,"curve":[0.25,0,0.75,1]},{"time":0.6667,"angle":13.32,"curve":"stepped"},{"time":1,"angle":13.32,"curve":[0.25,0,0.75,1]},{"time":1.5,"angle":0}]},"R_ngon8":{"rotate":[{"time":0,"angle":0,"curve":[0.273,0,0.62,0.41]},{"time":0.1333,"angle":-23.85,"curve":[0.337,0.35,0.758,1]},{"time":0.5,"angle":14.35,"curve":[0.25,0,0.75,1]},{"time":0.6667,"angle":13.32,"curve":"stepped"},{"time":1,"angle":13.32,"curve":[0.25,0,0.75,1]},{"time":1.5,"angle":0}]},"R_ngon6":{"rotate":[{"time":0,"angle":0,"curve":[0.273,0,0.62,0.41]},{"time":0.1333,"angle":-23.85,"curve":[0.337,0.35,0.758,1]},{"time":0.5,"angle":14.35,"curve":[0.25,0,0.75,1]},{"time":0.6667,"angle":13.32,"curve":"stepped"},{"time":1,"angle":13.32,"curve":[0.25,0,0.75,1]},{"time":1.5,"angle":0}]},"R_ngon5":{"rotate":[{"time":0,"angle":0,"curve":[0.273,0,0.62,0.41]},{"time":0.1333,"angle":-23.85,"curve":[0.337,0.35,0.758,1]},{"time":0.5,"angle":14.35,"curve":[0.25,0,0.75,1]},{"time":0.6667,"angle":13.32,"curve":"stepped"},{"time":1,"angle":13.32,"curve":[0.25,0,0.75,1]},{"time":1.5,"angle":0}]},"R_ngon3":{"rotate":[{"time":0,"angle":0,"curve":[0.273,0,0.62,0.41]},{"time":0.1333,"angle":30.51,"curve":[0.337,0.35,0.758,1]},{"time":0.5,"angle":-4.36,"curve":[0.25,0,0.75,1]},{"time":0.6667,"angle":-12.66,"curve":"stepped"},{"time":1,"angle":-12.66,"curve":[0.25,0,0.75,1]},{"time":1.5,"angle":0}]},"R_ngon2":{"rotate":[{"time":0,"angle":0,"curve":[0.273,0,0.62,0.41]},{"time":0.1333,"angle":21.83,"curve":[0.337,0.35,0.758,1]},{"time":0.5,"angle":-47.21,"curve":[0.25,0,0.75,1]},{"time":0.6667,"angle":-12.66,"curve":"stepped"},{"time":1,"angle":-12.66,"curve":[0.25,0,0.75,1]},{"time":1.5,"angle":0}]},"bone3":{"translate":[{"time":0,"x":26.2,"y":1.7}]},"sung 15":{"rotate":[{"time":0,"angle":-1.02,"curve":[0.37,0.63,0.708,1]},{"time":0.2,"angle":-0.54,"curve":[0.381,0.55,0.742,1]},{"time":0.7,"angle":4.98,"curve":[0.381,0.55,0.742,1]},{"time":0.8667,"angle":-8.21,"curve":[0.381,0.55,0.742,1]},{"time":1.2,"angle":-2.54,"curve":[0.354,0.41,0.697,0.77]},{"time":1.5,"angle":-1.02}]},"sung 14":{"rotate":[{"time":0,"angle":-0.51,"curve":[0.353,0.65,0.688,1]},{"time":0.1333,"angle":-0.3,"curve":[0.38,0.59,0.727,1]},{"time":0.6333,"angle":-5.01,"curve":[0.38,0.59,0.727,1]},{"time":0.8,"angle":-0.3,"curve":[0.38,0.59,0.727,1]},{"time":1.1333,"angle":-2.3,"curve":[0.364,0.48,0.704,0.84]},{"time":1.5,"angle":-0.51}]},"sung 12":{"rotate":[{"time":0,"angle":0.09,"curve":[0.37,0.63,0.708,1]},{"time":0.2,"angle":0.65,"curve":[0.381,0.55,0.742,1]},{"time":0.7,"angle":3.91,"curve":[0.381,0.55,0.742,1]},{"time":0.8667,"angle":6.78,"curve":[0.381,0.55,0.742,1]},{"time":1.2,"angle":-1.65,"curve":[0.354,0.41,0.697,0.77]},{"time":1.5,"angle":0.09}]},"sung 11":{"rotate":[{"time":0,"angle":0.99,"curve":[0.353,0.65,0.688,1]},{"time":0.1333,"angle":0.36,"curve":[0.38,0.59,0.727,1]},{"time":0.6333,"angle":3.62,"curve":[0.38,0.59,0.727,1]},{"time":0.8,"angle":0.36,"curve":[0.38,0.59,0.727,1]},{"time":1.1333,"angle":6.33,"curve":[0.364,0.48,0.704,0.84]},{"time":1.5,"angle":0.99}]},"sung 10":{"rotate":[{"time":0,"angle":0.28,"curve":[0.339,0.66,0.672,1]},{"time":0.0667,"angle":0.12,"curve":[0.366,0.63,0.703,1]},{"time":0.5667,"angle":3.39,"curve":[0.366,0.63,0.703,1]},{"time":0.7333,"angle":0.12,"curve":[0.366,0.63,0.703,1]},{"time":1.0667,"angle":6.1,"curve":[0.361,0.56,0.697,0.92]},{"time":1.5,"angle":0.28}]},"sung 5":{"rotate":[{"time":0,"angle":-2.75,"curve":[0.37,0.63,0.708,1]},{"time":0.2,"angle":-0.94,"curve":[0.381,0.55,0.742,1]},{"time":0.7,"angle":-13.64,"curve":[0.381,0.55,0.742,1]},{"time":0.8667,"angle":-0.94,"curve":[0.381,0.55,0.742,1]},{"time":1.2,"angle":-8.45,"curve":[0.354,0.41,0.697,0.77]},{"time":1.5,"angle":-2.75}]},"sung 3":{"rotate":[{"time":0,"angle":3.42,"curve":[0.37,0.63,0.708,1]},{"time":0.2,"angle":1.61,"curve":[0.381,0.55,0.742,1]},{"time":0.7,"angle":16.65,"curve":[0.381,0.55,0.742,1]},{"time":0.8667,"angle":1.61,"curve":[0.381,0.55,0.742,1]},{"time":1.2,"angle":9.1,"curve":[0.354,0.41,0.697,0.77]},{"time":1.5,"angle":3.42}]},"sung 9":{"rotate":[{"time":0,"angle":-1.19,"curve":[0.37,0.63,0.708,1]},{"time":0.2,"angle":0.44,"curve":[0.381,0.55,0.742,1]},{"time":0.7,"angle":-0.62,"curve":[0.381,0.55,0.742,1]},{"time":0.8667,"angle":0.44,"curve":[0.381,0.55,0.742,1]},{"time":1.2,"angle":-6.31,"curve":[0.354,0.41,0.697,0.77]},{"time":1.5,"angle":-1.19}]},"sung 8":{"rotate":[{"time":0,"angle":0.12,"curve":[0.353,0.65,0.688,1]},{"time":0.1333,"angle":0.24,"curve":[0.38,0.59,0.727,1]},{"time":0.6333,"angle":-0.82,"curve":[0.38,0.59,0.727,1]},{"time":0.8,"angle":0.24,"curve":[0.38,0.59,0.727,1]},{"time":1.1333,"angle":-0.93,"curve":[0.364,0.48,0.704,0.84]},{"time":1.5,"angle":0.12}]},"sung 1":{"rotate":[{"time":0,"angle":0.22,"curve":[0.339,0.66,0.672,1]},{"time":0.0667,"angle":0.08,"curve":[0.366,0.63,0.703,1]},{"time":0.5667,"angle":5.06,"curve":[0.366,0.63,0.703,1]},{"time":0.7333,"angle":0.08,"curve":[0.366,0.63,0.703,1]},{"time":1.0667,"angle":5.34,"curve":[0.361,0.56,0.697,0.92]},{"time":1.5,"angle":0.22}]},"body2":{"translate":[{"time":0,"x":-0.72,"y":0,"curve":[0.339,0.66,0.672,1]},{"time":0.0667,"x":-0.39,"y":0,"curve":[0.366,0.63,0.703,1]},{"time":0.5667,"x":-1.28,"y":-0.01,"curve":[0.366,0.63,0.703,1]},{"time":0.7333,"x":-22.34,"y":-0.11,"curve":[0.366,0.63,0.703,1]},{"time":1.0667,"x":-13.04,"y":-0.07,"curve":[0.361,0.56,0.697,0.92]},{"time":1.5,"x":-0.72,"y":0}]},"L_ngon12":{"rotate":[{"time":0,"angle":14.5,"curve":[0.273,0,0.62,0.41]},{"time":0.1333,"angle":31.84,"curve":[0.337,0.35,0.758,1]},{"time":0.5,"angle":8.65,"curve":[0.25,0,0.75,1]},{"time":0.6667,"angle":1.8,"curve":"stepped"},{"time":1,"angle":1.8,"curve":[0.25,0,0.75,1]},{"time":1.5,"angle":14.5}]},"L_ngon11":{"rotate":[{"time":0,"angle":-20.01,"curve":[0.273,0,0.62,0.41]},{"time":0.1333,"angle":-2.67,"curve":[0.337,0.35,0.758,1]},{"time":0.5,"angle":-25.86,"curve":[0.25,0,0.75,1]},{"time":0.6667,"angle":-32.71,"curve":"stepped"},{"time":1,"angle":-32.71,"curve":[0.25,0,0.75,1]},{"time":1.5,"angle":-20.01}]},"L_ngon9":{"rotate":[{"time":0,"angle":1.21,"curve":[0.273,0,0.62,0.41]},{"time":0.1333,"angle":18.55,"curve":[0.337,0.35,0.758,1]},{"time":0.5,"angle":-4.64,"curve":[0.25,0,0.75,1]},{"time":0.6667,"angle":-11.49,"curve":"stepped"},{"time":1,"angle":-11.49,"curve":[0.25,0,0.75,1]},{"time":1.5,"angle":1.21}]},"L_ngon8":{"rotate":[{"time":0,"angle":1.21,"curve":[0.273,0,0.62,0.41]},{"time":0.1333,"angle":18.55,"curve":[0.337,0.35,0.758,1]},{"time":0.5,"angle":-4.64,"curve":[0.25,0,0.75,1]},{"time":0.6667,"angle":-11.49,"curve":"stepped"},{"time":1,"angle":-11.49,"curve":[0.25,0,0.75,1]},{"time":1.5,"angle":1.21}]},"L_ngon6":{"rotate":[{"time":0,"angle":0,"curve":[0.273,0,0.62,0.41]},{"time":0.1333,"angle":17.34,"curve":[0.337,0.35,0.758,1]},{"time":0.5,"angle":-5.85,"curve":[0.25,0,0.75,1]},{"time":0.6667,"angle":-12.7,"curve":"stepped"},{"time":1,"angle":-12.7,"curve":[0.25,0,0.75,1]},{"time":1.5,"angle":0}]},"L_ngon5":{"rotate":[{"time":0,"angle":0,"curve":[0.273,0,0.62,0.41]},{"time":0.1333,"angle":17.34,"curve":[0.337,0.35,0.758,1]},{"time":0.5,"angle":-5.85,"curve":[0.25,0,0.75,1]},{"time":0.6667,"angle":-12.7,"curve":"stepped"},{"time":1,"angle":-12.7,"curve":[0.25,0,0.75,1]},{"time":1.5,"angle":0}]},"L_ngon3":{"rotate":[{"time":0,"angle":0,"curve":[0.273,0,0.62,0.41]},{"time":0.1333,"angle":-21.34,"curve":[0.337,0.35,0.758,1]},{"time":0.5,"angle":19.02,"curve":[0.25,0,0.75,1]},{"time":0.6667,"angle":18.42,"curve":"stepped"},{"time":1,"angle":18.42,"curve":[0.25,0,0.75,1]},{"time":1.5,"angle":0}]},"L_ngon2":{"rotate":[{"time":0,"angle":0,"curve":[0.273,0,0.62,0.41]},{"time":0.1333,"angle":-21.34,"curve":[0.337,0.35,0.758,1]},{"time":0.5,"angle":19.02,"curve":[0.25,0,0.75,1]},{"time":0.6667,"angle":18.42,"curve":"stepped"},{"time":1,"angle":18.42,"curve":[0.25,0,0.75,1]},{"time":1.5,"angle":0}]},"L_ARM2":{"rotate":[{"time":0,"angle":0.2}]},"L_ARM":{"translate":[{"time":0,"x":0,"y":-14.13}]},"Y":{"translate":[{"time":0,"x":-1.39,"y":0,"curve":"stepped"},{"time":0.5,"x":-1.39,"y":0,"curve":[0.372,0.48,0.752,1]},{"time":0.6667,"x":-5.86,"y":0,"curve":[0.333,0.33,0.668,0.67]},{"time":0.7333,"x":-0.23,"y":0,"curve":[0.38,0.53,0.745,1]},{"time":0.8,"x":-5.86,"y":0,"curve":[0.333,0.33,0.668,0.67]},{"time":0.8667,"x":-0.23,"y":0,"curve":[0.38,0.53,0.745,1]},{"time":1,"x":-1.39,"y":0}]},"att_02":{"translate":[{"time":0.6,"x":-132.3,"y":97.2}],"scale":[{"time":0.6,"x":6.898,"y":6.898}]},"att_2":{"translate":[{"time":0.6,"x":133.65,"y":97.2}],"scale":[{"time":0.6,"x":-6.9,"y":6.898}]},"explo":{"translate":[{"time":0.6667,"x":3.93,"y":-72.63}],"scale":[{"time":0.6667,"x":4.521,"y":4.521}]},"canh cay 1":{"rotate":[{"time":0,"angle":-0.4,"curve":[0.375,0.62,0.716,1]},{"time":0.1,"angle":0,"curve":[0.25,0,0.75,1]},{"time":0.6,"angle":20.66,"curve":[0.25,0,0.75,1]},{"time":0.7667,"angle":-10.26,"curve":[0.25,0,0.75,1]},{"time":1.1,"angle":-3.1,"curve":[0.243,0,0.68,0.71]},{"time":1.5,"angle":-0.4}]},"canh cay 2":{"rotate":[{"time":0,"angle":-2.74,"curve":[0.381,0.55,0.742,1]},{"time":0.2,"angle":0,"curve":[0.25,0,0.75,1]},{"time":0.7,"angle":8.38,"curve":[0.25,0,0.75,1]},{"time":0.8667,"angle":-14.6,"curve":[0.25,0,0.75,1]},{"time":1.2,"angle":-7.45,"curve":[0.245,0,0.637,0.56]},{"time":1.5,"angle":-2.74}]}},"drawOrder":[{"time":0.0333,"offsets":[{"slot":"sung_3","offset":13},{"slot":"sung_4","offset":13},{"slot":"sung_6","offset":13},{"slot":"body","offset":10},{"slot":"c1","offset":10},{"slot":"c2","offset":10},{"slot":"c3","offset":10},{"slot":"lighting/lighting_00000","offset":10},{"slot":"sung 1","offset":10},{"slot":"Mieng","offset":10},{"slot":"Mieng tren","offset":10},{"slot":"explo/explo_00000","offset":10}]},{"time":0.6333}]},"idle_offset":{"slots":{"lighting/lighting_00000":{"attachment":[{"time":0.0667,"name":"lighting/lighting_00002"},{"time":0.1333,"name":"lighting/lighting_00004"},{"time":0.2,"name":"lighting/lighting_00006"},{"time":0.2667,"name":"lighting/lighting_00008"},{"time":0.3333,"name":"lighting/lighting_00010"},{"time":0.4333,"name":"lighting/lighting_00013"},{"time":0.5,"name":"lighting/lighting_00015"},{"time":0.5667,"name":"lighting/lighting_00017"},{"time":0.6,"name":"lighting/lighting_00000"},{"time":0.6667,"name":"lighting/lighting_00002"},{"time":0.7333,"name":"lighting/lighting_00004"},{"time":0.8,"name":"lighting/lighting_00006"},{"time":0.8667,"name":"lighting/lighting_00008"},{"time":0.9333,"name":"lighting/lighting_00010"},{"time":1,"name":"lighting/lighting_00013"}]}},"bones":{"sung 13":{"rotate":[{"time":0,"angle":-0.1,"curve":[0.366,0.63,0.703,1]},{"time":0.0667,"angle":0,"curve":[0.25,0,0.75,1]},{"time":0.5667,"angle":-1.46,"curve":[0.244,0,0.7,0.79]},{"time":1,"angle":-0.1}]},"sung 7":{"rotate":[{"time":0,"angle":0.56,"curve":[0.375,0.62,0.716,1]},{"time":0.1,"angle":0,"curve":[0.25,0,0.75,1]},{"time":0.6,"angle":4.28,"curve":[0.243,0,0.68,0.71]},{"time":1,"angle":0.56}]},"sung 4":{"rotate":[{"time":0,"angle":-0.33,"curve":[0.375,0.62,0.716,1]},{"time":0.1,"angle":0,"curve":[0.25,0,0.75,1]},{"time":0.6,"angle":-2.55,"curve":[0.243,0,0.68,0.71]},{"time":1,"angle":-0.33}]},"sung 2":{"rotate":[{"time":0,"angle":0.57,"curve":[0.375,0.62,0.716,1]},{"time":0.1,"angle":0,"curve":[0.25,0,0.75,1]},{"time":0.6,"angle":4.38,"curve":[0.243,0,0.68,0.71]},{"time":1,"angle":0.57}]},"Mieng":{"translate":[{"time":0,"x":1.77,"y":0,"curve":[0.33,0.31,0.663,0.65]},{"time":0.0667,"x":0,"y":0,"curve":[0.25,0,0.75,1]},{"time":0.1333,"x":-1.14,"y":0,"curve":[0.312,0.24,0.648,0.59]},{"time":0.2,"x":1.86,"y":0,"curve":[0.322,0.3,0.658,0.64]},{"time":0.2667,"x":1.43,"y":0,"curve":[0.33,0.32,0.666,0.66]},{"time":0.3333,"x":3.83,"y":0,"curve":[0.338,0.35,0.674,0.69]},{"time":0.4,"x":4.87,"y":0,"curve":[0.347,0.38,0.683,0.73]},{"time":0.4667,"x":8.32,"y":0,"curve":[0.375,0.62,0.716,1]},{"time":0.5667,"x":8.06,"y":0,"curve":[0.301,0,0.637,0.36]},{"time":1,"x":1.77,"y":0}]},"ma":{"translate":[{"time":0,"x":0.07,"y":0,"curve":[0.366,0.63,0.703,1]},{"time":0.0667,"x":0,"y":0,"curve":[0.25,0,0.75,1]},{"time":0.5667,"x":1.06,"y":-0.03,"curve":[0.244,0,0.7,0.79]},{"time":1,"x":0.07,"y":0}]},"Mieng tren":{"translate":[{"time":0,"x":-0.76,"y":0,"curve":[0.366,0.63,0.703,1]},{"time":0.0667,"x":0,"y":0,"curve":[0.25,0,0.75,1]},{"time":0.1333,"x":-2.07,"y":0,"curve":[0.312,0.24,0.648,0.59]},{"time":0.2,"x":-2.88,"y":0,"curve":[0.322,0.3,0.658,0.64]},{"time":0.2667,"x":-4.97,"y":0.01,"curve":[0.33,0.32,0.666,0.66]},{"time":0.3333,"x":-6.19,"y":0.01,"curve":[0.338,0.35,0.674,0.69]},{"time":0.4,"x":-8.87,"y":0.01,"curve":[0.347,0.38,0.683,0.73]},{"time":0.4667,"x":-9.58,"y":0.01,"curve":[0.375,0.62,0.716,1]},{"time":0.5667,"x":-10.94,"y":0.01,"curve":[0.244,0,0.7,0.79]},{"time":1,"x":-0.76,"y":0}]},"L_ngon10":{"rotate":[{"time":0,"angle":-32.71}]},"L_ngon7":{"rotate":[{"time":0,"angle":-13.7}]},"body":{"translate":[{"time":0,"x":0,"y":0,"curve":[0.25,0,0.75,1]},{"time":0.5,"x":0.22,"y":-6.85,"curve":[0.25,0,0.75,1]},{"time":1,"x":0,"y":0}]},"bone7":{"rotate":[{"time":0,"angle":-0.17}]},"bone2":{"translate":[{"time":0,"x":4.77,"y":-42.28}]},"L_ARM3":{"rotate":[{"time":0,"angle":-0.1}]},"bone":{"translate":[{"time":0,"x":0,"y":0,"curve":[0.25,0,0.75,1]},{"time":0.5,"x":-11.21,"y":-0.86,"curve":[0.25,0,0.75,1]},{"time":1,"x":0,"y":0}]},"sung 15":{"rotate":[{"time":0,"angle":-0.54,"curve":[0.381,0.55,0.742,1]},{"time":0.2,"angle":0,"curve":[0.25,0,0.75,1]},{"time":0.7,"angle":-1.46,"curve":[0.245,0,0.637,0.56]},{"time":1,"angle":-0.54}]},"sung 14":{"rotate":[{"time":0,"angle":-0.3,"curve":[0.38,0.59,0.727,1]},{"time":0.1333,"angle":0,"curve":[0.25,0,0.75,1]},{"time":0.6333,"angle":-1.46,"curve":[0.242,0,0.663,0.65]},{"time":1,"angle":-0.3}]},"sung 12":{"rotate":[{"time":0,"angle":0.65,"curve":[0.381,0.55,0.742,1]},{"time":0.2,"angle":0,"curve":[0.25,0,0.75,1]},{"time":0.7,"angle":1.76,"curve":[0.245,0,0.637,0.56]},{"time":1,"angle":0.65}]},"sung 11":{"rotate":[{"time":0,"angle":0.36,"curve":[0.38,0.59,0.727,1]},{"time":0.1333,"angle":0,"curve":[0.25,0,0.75,1]},{"time":0.6333,"angle":1.76,"curve":[0.242,0,0.663,0.65]},{"time":1,"angle":0.36}]},"sung 10":{"rotate":[{"time":0,"angle":0.12,"curve":[0.366,0.63,0.703,1]},{"time":0.0667,"angle":0,"curve":[0.25,0,0.75,1]},{"time":0.5667,"angle":1.76,"curve":[0.244,0,0.7,0.79]},{"time":1,"angle":0.12}]},"sung 5":{"rotate":[{"time":0,"angle":-0.94,"curve":[0.381,0.55,0.742,1]},{"time":0.2,"angle":0,"curve":[0.25,0,0.75,1]},{"time":0.7,"angle":-2.55,"curve":[0.245,0,0.637,0.56]},{"time":1,"angle":-0.94}]},"sung 3":{"rotate":[{"time":0,"angle":1.61,"curve":[0.381,0.55,0.742,1]},{"time":0.2,"angle":0,"curve":[0.25,0,0.75,1]},{"time":0.7,"angle":4.38,"curve":[0.245,0,0.637,0.56]},{"time":1,"angle":1.61}]},"sung 9":{"rotate":[{"time":0,"angle":0.44,"curve":[0.381,0.55,0.742,1]},{"time":0.2,"angle":0,"curve":[0.25,0,0.75,1]},{"time":0.7,"angle":1.2,"curve":[0.245,0,0.637,0.56]},{"time":1,"angle":0.44}]},"sung 8":{"rotate":[{"time":0,"angle":0.24,"curve":[0.38,0.59,0.727,1]},{"time":0.1333,"angle":0,"curve":[0.25,0,0.75,1]},{"time":0.6333,"angle":1.2,"curve":[0.242,0,0.663,0.65]},{"time":1,"angle":0.24}]},"sung 1":{"rotate":[{"time":0,"angle":0.08,"curve":[0.366,0.63,0.703,1]},{"time":0.0667,"angle":0,"curve":[0.25,0,0.75,1]},{"time":0.5667,"angle":1.2,"curve":[0.244,0,0.7,0.79]},{"time":1,"angle":0.08}]},"bone6":{"rotate":[{"time":0,"angle":-0.03}]},"bone3":{"translate":[{"time":0,"x":26.2,"y":1.7}]},"body2":{"translate":[{"time":0,"x":-0.39,"y":0,"curve":[0.366,0.63,0.703,1]},{"time":0.0667,"x":0,"y":0,"curve":[0.25,0,0.75,1]},{"time":0.5667,"x":-5.66,"y":-0.03,"curve":[0.244,0,0.7,0.79]},{"time":1,"x":-0.39,"y":0}]},"L_ngon12":{"rotate":[{"time":0,"angle":14.5}]},"L_ngon11":{"rotate":[{"time":0,"angle":-20.01}]},"L_ngon9":{"rotate":[{"time":0,"angle":1.21}]},"L_ngon8":{"rotate":[{"time":0,"angle":1.21}]},"L_ARM2":{"rotate":[{"time":0,"angle":0.2}]},"L_ARM":{"translate":[{"time":0,"x":0,"y":-14.13}]},"Y":{"translate":[{"time":0,"x":-3.24,"y":0}]},"c3":{"rotate":[{"time":0,"angle":120},{"time":0.3333,"angle":0},{"time":0.6667,"angle":-120},{"time":1,"angle":120}]},"c2":{"rotate":[{"time":0,"angle":60},{"time":0.1667,"angle":0},{"time":0.5,"angle":-120},{"time":0.8333,"angle":120},{"time":1,"angle":60}]},"c1":{"rotate":[{"time":0,"angle":0},{"time":0.3333,"angle":-120},{"time":0.6667,"angle":120},{"time":1,"angle":0}]},"canh cay 1":{"rotate":[{"time":0,"angle":0.66,"curve":[0.375,0.62,0.716,1]},{"time":0.1,"angle":0,"curve":[0.25,0,0.75,1]},{"time":0.6,"angle":5.1,"curve":[0.243,0,0.68,0.71]},{"time":1,"angle":0.66}]},"canh cay 2":{"rotate":[{"time":0,"angle":1.88,"curve":[0.381,0.55,0.742,1]},{"time":0.2,"angle":0,"curve":[0.25,0,0.75,1]},{"time":0.7,"angle":5.1,"curve":[0.245,0,0.637,0.56]},{"time":1,"angle":1.88}]}}}}}